UniProt,Sample,EFO,Condition
P70284,4A433B3D4B9492B119BAC15906B5C1DE,EFO_0001669,"influenza infection"
K7EQ13,57B38B3342FFADC0497AEF387D0020DB,EFO_0002612,"human herpesvirus 8 infection"
Q9BTE1,3FF4B3824383FDBED32E77F48934CE48,EFO_0000764,"HIV infection"
Q9BWF4,C7CC0053FC3B93CA01D40B382E54895B,EFO_0002612,"human herpesvirus 8 infection"
Q99650,C7CC0053FC3B93CA01D40B382E54895B,EFO_0002612,"human herpesvirus 8 infection"
Q99547,57B38B3342FFADC0497AEF387D0020DB,EFO_0002612,"human herpesvirus 8 infection"
Q8BYY4,C793DEAFCB226C7C52728BA5AF5DE4FC,EFO_0001669,"influenza infection"
P13196,3FBB30CCD9C7BC34B9A8D0F8634F67D2,EFO_0000764,"HIV infection"
Q8BH48,2816CE27A197BB9FAED17873B9C4B7E5,EFO_0001669,"influenza infection"
G3UZH2,D21CE9BC54B4651B69764B7EED22955C,EFO_0001669,"influenza infection"
F8W0L1,AA3D1CA539D292A96F5796D13C30CF0C,EFO_0000764,"HIV infection"
F5H648,74F2B31DA328AA8E320AD8BE2285EC5B,EFO_0000764,"HIV infection"
Q3UDL4,42662F4A1B9E58317AB6D3E3B7BC37C3,EFO_0001669,"influenza infection"
D3Z2K9,2B36C5C061F7F1F88783781FFE8E767C,EFO_0001669,"influenza infection"
Q3U8I1,C529493D9C27C621F0DF78E527D18A6F,EFO_0001669,"influenza infection"
P12036,392613023DBF1653BC0708E67AAAC235,EFO_0000764,"HIV infection"
H0YMA4,CA881FE536EFCB5665CD0BD5275DB24C,EFO_0000764,"HIV infection"
D3DPQ2,57B38B3342FFADC0497AEF387D0020DB,EFO_0002612,"human herpesvirus 8 infection"
Q7KYY3,6778809768AA2C958835646331EF7E4F,EFO_0000764,"HIV infection"
Q9H8M5,765A98D571690D631128EF11944AD33D,EFO_0002612,"human herpesvirus 8 infection"
E0CXX4,7F3A4C4C545DA713155FBCED303768A8,EFO_0001669,"influenza infection"
Q3TDZ5,F1B091F4286C03DEE93ED0AFBEF61BCE,EFO_0001669,"influenza infection"
O70310,4FE71FBF50FD37D143F097BE789C33E6,EFO_0001669,"influenza infection"
Q9UJ37,27915EA8D478AB47294C538CAA201F34,EFO_0000694,"severe acute respiratory syndrome"
E7EU96,EA18655965074E5AD43CFDB866342AF3,EFO_0000764,"HIV infection"
Q9D752,718E1B96266ECFB141161C4FD1795CC6,EFO_0001669,"influenza infection"
C9JCB7,C7CC0053FC3B93CA01D40B382E54895B,EFO_0002612,"human herpesvirus 8 infection"
Q32Q14,801B8C520F12C5DAB3055DF83607BC03,EFO_0002612,"human herpesvirus 8 infection"
E9PD53,D6114DFD4F0D389440B046D64D1EFF1E,EFO_0000764,"HIV infection"
Q8IVW1,E8FBD138C9377A829B95ACC9E8A19806,EFO_0002612,"human herpesvirus 8 infection"
Q9CPY9,2816CE27A197BB9FAED17873B9C4B7E5,EFO_0001669,"influenza infection"
Q8BHL7,532B6BB1BDFFFF587173FDE9B7129F08,EFO_0001669,"influenza infection"
Q32M02,E24FF0A467E894CABCEE6EFA771BA33D,EFO_0001669,"influenza infection"
P35249,B334ACFD034CEBDC73BBDA748C97C65B,EFO_0000764,"HIV infection"
E9PBX6,57B38B3342FFADC0497AEF387D0020DB,EFO_0002612,"human herpesvirus 8 infection"
F8WBH4,B28B0A11F37C9A556E4F5D9C5696C1B0,EFO_0000764,"HIV infection"
F5H0Y9,C209FBB501A04C2EBC0BA1BD1F01A362,EFO_0000764,"HIV infection"
P58681,D21CE9BC54B4651B69764B7EED22955C,EFO_0001669,"influenza infection"
E5RJ08,903E6D242093652274F2063DD2312D87,EFO_0002612,"human herpesvirus 8 infection"
Q5QPD2,686B1670518336B42340938969E5CB3E,EFO_0000764,"HIV infection"
C9IYA5,3FF4B3824383FDBED32E77F48934CE48,EFO_0000764,"HIV infection"
J3KN19,392613023DBF1653BC0708E67AAAC235,EFO_0000764,"HIV infection"
Q5SS03,34B36FC08E535FF974E21B82A0984EAA,EFO_0001669,"influenza infection"
Q9BU64,801B8C520F12C5DAB3055DF83607BC03,EFO_0002612,"human herpesvirus 8 infection"
J3QM80,EBDBB40D47AFEC4F4FFF067B1B83AA56,EFO_0001669,"influenza infection"
Q9BQ75,C7CC0053FC3B93CA01D40B382E54895B,EFO_0002612,"human herpesvirus 8 infection"
O78207,783DBFE50D4A5E1DBC5BB02FE7E5DDC0,EFO_0001669,"influenza infection"
H1UBN2,8791416999777B09652A4B1A08FDE858,EFO_0000764,"HIV infection"
P52565,765A98D571690D631128EF11944AD33D,EFO_0002612,"human herpesvirus 8 infection"
F8VRG3,765A98D571690D631128EF11944AD33D,EFO_0002612,"human herpesvirus 8 infection"
F5H4W5,801B8C520F12C5DAB3055DF83607BC03,EFO_0002612,"human herpesvirus 8 infection"
D3Z437,34B36FC08E535FF974E21B82A0984EAA,EFO_0001669,"influenza infection"
D6RHK2,2488D0314970F031BA530CF1E15113D2,EFO_0000764,"HIV infection"
F8VV39,801B8C520F12C5DAB3055DF83607BC03,EFO_0002612,"human herpesvirus 8 infection"
Q9DBR1,718E1B96266ECFB141161C4FD1795CC6,EFO_0001669,"influenza infection"
B7Z7P0,686B1670518336B42340938969E5CB3E,EFO_0000764,"HIV infection"
B4DDT6,57B38B3342FFADC0497AEF387D0020DB,EFO_0002612,"human herpesvirus 8 infection"
O75530,84D433F5BAD15D4A72E8B3F4E2DB8832,EFO_0000764,"HIV infection"
A1E282,801B8C520F12C5DAB3055DF83607BC03,EFO_0002612,"human herpesvirus 8 infection"
Q49A69,686B1670518336B42340938969E5CB3E,EFO_0000764,"HIV infection"
Q9NXQ9,AA3D1CA539D292A96F5796D13C30CF0C,EFO_0000764,"HIV infection"
Q504U3,903E6D242093652274F2063DD2312D87,EFO_0002612,"human herpesvirus 8 infection"
Q8C2L5,532B6BB1BDFFFF587173FDE9B7129F08,EFO_0001669,"influenza infection"
E9PNR6,EA18655965074E5AD43CFDB866342AF3,EFO_0000764,"HIV infection"
O89098,EBDBB40D47AFEC4F4FFF067B1B83AA56,EFO_0001669,"influenza infection"
J3KNV8,E65DBB1DE1BF4509FFBBDCD7B390A9BE,EFO_0000764,"HIV infection"
A2VCP1,AC31299867BC0176FEF24774FF4241E7,EFO_0001669,"influenza infection"
D3YXY5,650BC5B7FADB3C1FDD11A188B9610605,EFO_0001669,"influenza infection"
B4DG01,C7CC0053FC3B93CA01D40B382E54895B,EFO_0002612,"human herpesvirus 8 infection"
M0QX64,0CF40CCEF287568848BF1326F056649B,EFO_0000764,"HIV infection"
H0YA62,84D433F5BAD15D4A72E8B3F4E2DB8832,EFO_0000764,"HIV infection"
H0YMG0,B334ACFD034CEBDC73BBDA748C97C65B,EFO_0000764,"HIV infection"
Q8BVM9,9692EA8E7D0E6257A989CE2E03D014CF,EFO_0001669,"influenza infection"
E7EM70,6778809768AA2C958835646331EF7E4F,EFO_0000764,"HIV infection"
B9A067,74F2B31DA328AA8E320AD8BE2285EC5B,EFO_0000764,"HIV infection"
J7NNX8,066957AEB2E8F8BF45AE24D6D42A7AA8,EFO_0001669,"influenza infection"
Q8NCT1,E8FBD138C9377A829B95ACC9E8A19806,EFO_0002612,"human herpesvirus 8 infection"
E0CZ90,E24FF0A467E894CABCEE6EFA771BA33D,EFO_0001669,"influenza infection"
P15927,015C5FE8DBD7EE40A85B5FC0C6F94D9A,EFO_0000764,"HIV infection"
Q9BTI9,E8FBD138C9377A829B95ACC9E8A19806,EFO_0002612,"human herpesvirus 8 infection"
P57746,FCF60D225A6B665C062FC147B6B20C72,EFO_0001669,"influenza infection"
G3XAC3,02B73C3D739D4F00CAFC62E832912C99,EFO_0000764,"HIV infection"
H9KV70,F13C84642B5C47A76D80645D856421AA,EFO_0000694,"severe acute respiratory syndrome"
Q8CDN6,C793DEAFCB226C7C52728BA5AF5DE4FC,EFO_0001669,"influenza infection"
J3KR82,801B8C520F12C5DAB3055DF83607BC03,EFO_0002612,"human herpesvirus 8 infection"
Q99988,E8FBD138C9377A829B95ACC9E8A19806,EFO_0002612,"human herpesvirus 8 infection"
Q9UM00,392613023DBF1653BC0708E67AAAC235,EFO_0000764,"HIV infection"
B7ZC85,B33FCEA14F8A9101EA37318B9551B3D2,EFO_0001669,"influenza infection"
Q547N0,532B6BB1BDFFFF587173FDE9B7129F08,EFO_0001669,"influenza infection"
F5H1V0,801B8C520F12C5DAB3055DF83607BC03,EFO_0002612,"human herpesvirus 8 infection"
Q12769,765A98D571690D631128EF11944AD33D,EFO_0002612,"human herpesvirus 8 infection"
Q5T765,C209FBB501A04C2EBC0BA1BD1F01A362,EFO_0000764,"HIV infection"
E0CYZ1,AB9C6FB069EB972B142D5C0FC54041D3,EFO_0001669,"influenza infection"
Q75N73,9692EA8E7D0E6257A989CE2E03D014CF,EFO_0001669,"influenza infection"
D6RB73,765A98D571690D631128EF11944AD33D,EFO_0002612,"human herpesvirus 8 infection"
Q9QX37,AC31299867BC0176FEF24774FF4241E7,EFO_0001669,"influenza infection"
F5H6U7,C7CC0053FC3B93CA01D40B382E54895B,EFO_0002612,"human herpesvirus 8 infection"
G3V4U3,F99E783EC3BB2050B23734363EE9F4C8,EFO_0000764,"HIV infection"
Q3U108,B33FCEA14F8A9101EA37318B9551B3D2,EFO_0001669,"influenza infection"
A6PVS0,903E6D242093652274F2063DD2312D87,EFO_0002612,"human herpesvirus 8 infection"
Q9WVQ5,650BC5B7FADB3C1FDD11A188B9610605,EFO_0001669,"influenza infection"
G3V449,A73DF2821D7B408B4A0ABABF6FDA8389,EFO_0000764,"HIV infection"
Q3U6G0,4A433B3D4B9492B119BAC15906B5C1DE,EFO_0001669,"influenza infection"
Q8C0V1,EFB6AFEC6C1589EFA7B5839F8A82A5F8,EFO_0001669,"influenza infection"
H0YKQ5,8D3CFD9E3E0E46DBD8E3F083742D9085,EFO_0000764,"HIV infection"
F8WC64,903E6D242093652274F2063DD2312D87,EFO_0002612,"human herpesvirus 8 infection"
Q9JKV8,E68BC7A5548A457539832A12B2BCC32E,EFO_0001669,"influenza infection"
C9JVD8,3FF4B3824383FDBED32E77F48934CE48,EFO_0000764,"HIV infection"
I3L1Y4,57B38B3342FFADC0497AEF387D0020DB,EFO_0002612,"human herpesvirus 8 infection"
Q3UV66,9692EA8E7D0E6257A989CE2E03D014CF,EFO_0001669,"influenza infection"
P13473,015C5FE8DBD7EE40A85B5FC0C6F94D9A,EFO_0000764,"HIV infection"
Q925T4,34B36FC08E535FF974E21B82A0984EAA,EFO_0001669,"influenza infection"
H0YNB7,2F2D10EDC301952A669E265A1FAE3FFB,EFO_0000764,"HIV infection"
Q5SZL8,903E6D242093652274F2063DD2312D87,EFO_0002612,"human herpesvirus 8 infection"
Q8C9B8,498E3D6CD1956C30F0563CD738B0F362,EFO_0001669,"influenza infection"
D6RBN1,02670FD63C510F6172E3DD2EC3DFB0B9,EFO_0000764,"HIV infection"
Q3YB50,3FBB30CCD9C7BC34B9A8D0F8634F67D2,EFO_0000764,"HIV infection"
J3KPH4,8D3CFD9E3E0E46DBD8E3F083742D9085,EFO_0000764,"HIV infection"
C9JRB3,C7CC0053FC3B93CA01D40B382E54895B,EFO_0002612,"human herpesvirus 8 infection"
C9JPM4,801B8C520F12C5DAB3055DF83607BC03,EFO_0002612,"human herpesvirus 8 infection"
P30204,1109F8A377944136004C408AB9AF8DF3,EFO_0001669,"influenza infection"
A2ALN9,2B36C5C061F7F1F88783781FFE8E767C,EFO_0001669,"influenza infection"
H3BSB8,E8FBD138C9377A829B95ACC9E8A19806,EFO_0002612,"human herpesvirus 8 infection"
D3YZP0,7F3A4C4C545DA713155FBCED303768A8,EFO_0001669,"influenza infection"
F8W8A6,8791416999777B09652A4B1A08FDE858,EFO_0000764,"HIV infection"
Q6GQV1,AB9C6FB069EB972B142D5C0FC54041D3,EFO_0001669,"influenza infection"
Q5VU63,E8FBD138C9377A829B95ACC9E8A19806,EFO_0002612,"human herpesvirus 8 infection"
E5RJJ6,C7CC0053FC3B93CA01D40B382E54895B,EFO_0002612,"human herpesvirus 8 infection"
H0YGJ3,A73DF2821D7B408B4A0ABABF6FDA8389,EFO_0000764,"HIV infection"
E9PFC7,32D29FCDB1CD34815FA100B1B21EB3F4,EFO_0000764,"HIV infection"
Q3ZAX5,783DBFE50D4A5E1DBC5BB02FE7E5DDC0,EFO_0001669,"influenza infection"
A2AMS0,E24FF0A467E894CABCEE6EFA771BA33D,EFO_0001669,"influenza infection"
J3KQT6,801B8C520F12C5DAB3055DF83607BC03,EFO_0002612,"human herpesvirus 8 infection"
E0CXQ4,E24FF0A467E894CABCEE6EFA771BA33D,EFO_0001669,"influenza infection"
F5GYQ3,801B8C520F12C5DAB3055DF83607BC03,EFO_0002612,"human herpesvirus 8 infection"
B4DWC4,E8FBD138C9377A829B95ACC9E8A19806,EFO_0002612,"human herpesvirus 8 infection"
D6RG55,4FE71FBF50FD37D143F097BE789C33E6,EFO_0001669,"influenza infection"
F5H6E4,801B8C520F12C5DAB3055DF83607BC03,EFO_0002612,"human herpesvirus 8 infection"
F8W0M9,C7CC0053FC3B93CA01D40B382E54895B,EFO_0002612,"human herpesvirus 8 infection"
Q3TYS2,2816CE27A197BB9FAED17873B9C4B7E5,EFO_0001669,"influenza infection"
E7EW52,8904C55EAB26D43C7A31DCBDB443AF78,EFO_0000764,"HIV infection"
Q8IXQ6,765A98D571690D631128EF11944AD33D,EFO_0002612,"human herpesvirus 8 infection"
F8W8H7,686B1670518336B42340938969E5CB3E,EFO_0000764,"HIV infection"
A2AWF9,500AAB6AB0F039C0D6B6151E4B58EA60,EFO_0001669,"influenza infection"
H0YGN0,E65DBB1DE1BF4509FFBBDCD7B390A9BE,EFO_0000764,"HIV infection"
P06396,57B38B3342FFADC0497AEF387D0020DB,EFO_0002612,"human herpesvirus 8 infection"
Q3U8Y7,2816CE27A197BB9FAED17873B9C4B7E5,EFO_0001669,"influenza infection"
E7ESS4,57B38B3342FFADC0497AEF387D0020DB,EFO_0002612,"human herpesvirus 8 infection"
P62877,429130F32BE410FA3ADF6C38C31E1DBF,EFO_0000764,"HIV infection"
Q3TR28,AC31299867BC0176FEF24774FF4241E7,EFO_0001669,"influenza infection"
Q6P8N5,2B36C5C061F7F1F88783781FFE8E767C,EFO_0001669,"influenza infection"
Q924S2,2B36C5C061F7F1F88783781FFE8E767C,EFO_0001669,"influenza infection"
H0Y9U8,A73DF2821D7B408B4A0ABABF6FDA8389,EFO_0000764,"HIV infection"
C9JXZ7,84D433F5BAD15D4A72E8B3F4E2DB8832,EFO_0000764,"HIV infection"
J3KT25,C7CC0053FC3B93CA01D40B382E54895B,EFO_0002612,"human herpesvirus 8 infection"
F8W9A8,765A98D571690D631128EF11944AD33D,EFO_0002612,"human herpesvirus 8 infection"
Q8K1K3,AB9C6FB069EB972B142D5C0FC54041D3,EFO_0001669,"influenza infection"
Q6P6I8,EBDBB40D47AFEC4F4FFF067B1B83AA56,EFO_0001669,"influenza infection"
B8JJN0,34B36FC08E535FF974E21B82A0984EAA,EFO_0001669,"influenza infection"
E9Q6P1,7F3A4C4C545DA713155FBCED303768A8,EFO_0001669,"influenza infection"
Q2VYF1,801B8C520F12C5DAB3055DF83607BC03,EFO_0002612,"human herpesvirus 8 infection"
Q96TA1,801B8C520F12C5DAB3055DF83607BC03,EFO_0002612,"human herpesvirus 8 infection"
B4DIZ6,765A98D571690D631128EF11944AD33D,EFO_0002612,"human herpesvirus 8 infection"
P51991,E6C200A1C96141C16B4E0BCEFAADC8E6,EFO_0000764,"HIV infection"
Q9UBV8,F99E783EC3BB2050B23734363EE9F4C8,EFO_0000764,"HIV infection"
D6R9S9,57B38B3342FFADC0497AEF387D0020DB,EFO_0002612,"human herpesvirus 8 infection"
Q7Z543,44E9E124E11715BF74179B65F809B77D,EFO_0000764,"HIV infection"
Q13200,57B38B3342FFADC0497AEF387D0020DB,EFO_0002612,"human herpesvirus 8 infection"
F8WE33,801B8C520F12C5DAB3055DF83607BC03,EFO_0002612,"human herpesvirus 8 infection"
D3DUG9,E6C200A1C96141C16B4E0BCEFAADC8E6,EFO_0000764,"HIV infection"
B8LFN8,A73DF2821D7B408B4A0ABABF6FDA8389,EFO_0000764,"HIV infection"
E5RHF7,429130F32BE410FA3ADF6C38C31E1DBF,EFO_0000764,"HIV infection"
P31350,44E9E124E11715BF74179B65F809B77D,EFO_0000764,"HIV infection"
O14530,BF6B2BA6087521743E7C26C0AAEF92B6,EFO_0000764,"HIV infection"
Q99ML3,F8FA4265BC0A83614E9E693679F7B191,EFO_0001669,"influenza infection"
E9QAJ6,7F3A4C4C545DA713155FBCED303768A8,EFO_0001669,"influenza infection"
F8W924,E6EF178FF4E0851BCEF92A30F008E267,EFO_0000764,"HIV infection"
E9Q579,E68BC7A5548A457539832A12B2BCC32E,EFO_0001669,"influenza infection"
E3W978,8904C55EAB26D43C7A31DCBDB443AF78,EFO_0000764,"HIV infection"
Q6LC83,392613023DBF1653BC0708E67AAAC235,EFO_0000764,"HIV infection"
Q86X79,C209FBB501A04C2EBC0BA1BD1F01A362,EFO_0000764,"HIV infection"
P30280,FCF60D225A6B665C062FC147B6B20C72,EFO_0001669,"influenza infection"
A6NCQ0,903E6D242093652274F2063DD2312D87,EFO_0002612,"human herpesvirus 8 infection"
E7ES96,E65DBB1DE1BF4509FFBBDCD7B390A9BE,EFO_0000764,"HIV infection"
P42227,E68BC7A5548A457539832A12B2BCC32E,EFO_0001669,"influenza infection"
P30204,2816CE27A197BB9FAED17873B9C4B7E5,EFO_0001669,"influenza infection"
Q7Z7P1,765A98D571690D631128EF11944AD33D,EFO_0002612,"human herpesvirus 8 infection"
P80217,E65DBB1DE1BF4509FFBBDCD7B390A9BE,EFO_0000764,"HIV infection"
Q5T9Q8,B334ACFD034CEBDC73BBDA748C97C65B,EFO_0000764,"HIV infection"
D6RB30,57B38B3342FFADC0497AEF387D0020DB,EFO_0002612,"human herpesvirus 8 infection"
H3BUQ2,903E6D242093652274F2063DD2312D87,EFO_0002612,"human herpesvirus 8 infection"
E9Q2L7,C529493D9C27C621F0DF78E527D18A6F,EFO_0001669,"influenza infection"
F8WAR2,801B8C520F12C5DAB3055DF83607BC03,EFO_0002612,"human herpesvirus 8 infection"
Q544F6,2B36C5C061F7F1F88783781FFE8E767C,EFO_0001669,"influenza infection"
A2AIW0,F8FA4265BC0A83614E9E693679F7B191,EFO_0001669,"influenza infection"
P57088,429130F32BE410FA3ADF6C38C31E1DBF,EFO_0000764,"HIV infection"
Q3U9V5,B9FB8ADD9F10D31DA22E2B1293DBC69B,EFO_0001669,"influenza infection"
Q9CR56,C793DEAFCB226C7C52728BA5AF5DE4FC,EFO_0001669,"influenza infection"
B4DN22,903E6D242093652274F2063DD2312D87,EFO_0002612,"human herpesvirus 8 infection"
Q5JY88,E8FBD138C9377A829B95ACC9E8A19806,EFO_0002612,"human herpesvirus 8 infection"
Q9D456,C793DEAFCB226C7C52728BA5AF5DE4FC,EFO_0001669,"influenza infection"
E9Q987,F8FA4265BC0A83614E9E693679F7B191,EFO_0001669,"influenza infection"
Q3U8G5,42662F4A1B9E58317AB6D3E3B7BC37C3,EFO_0001669,"influenza infection"
A3KG41,E68BC7A5548A457539832A12B2BCC32E,EFO_0001669,"influenza infection"
D6RBW0,32D29FCDB1CD34815FA100B1B21EB3F4,EFO_0000764,"HIV infection"
J3KPM9,686B1670518336B42340938969E5CB3E,EFO_0000764,"HIV infection"
Q9BSK2,E8FBD138C9377A829B95ACC9E8A19806,EFO_0002612,"human herpesvirus 8 infection"
Q8VC49,C529493D9C27C621F0DF78E527D18A6F,EFO_0001669,"influenza infection"
Q5VZK9,57B38B3342FFADC0497AEF387D0020DB,EFO_0002612,"human herpesvirus 8 infection"
C9JKE4,429130F32BE410FA3ADF6C38C31E1DBF,EFO_0000764,"HIV infection"
E9PSE3,392613023DBF1653BC0708E67AAAC235,EFO_0000764,"HIV infection"
D3DS96,B28B0A11F37C9A556E4F5D9C5696C1B0,EFO_0000764,"HIV infection"
D6RCT8,C7CC0053FC3B93CA01D40B382E54895B,EFO_0002612,"human herpesvirus 8 infection"
P34995,57B38B3342FFADC0497AEF387D0020DB,EFO_0002612,"human herpesvirus 8 infection"
Q15437,A73DF2821D7B408B4A0ABABF6FDA8389,EFO_0000764,"HIV infection"
C9IYE8,B28B0A11F37C9A556E4F5D9C5696C1B0,EFO_0000764,"HIV infection"
E9PWW2,AC31299867BC0176FEF24774FF4241E7,EFO_0001669,"influenza infection"
J3KSV2,765A98D571690D631128EF11944AD33D,EFO_0002612,"human herpesvirus 8 infection"
Q13145,C7CC0053FC3B93CA01D40B382E54895B,EFO_0002612,"human herpesvirus 8 infection"
P28070,B28B0A11F37C9A556E4F5D9C5696C1B0,EFO_0000764,"HIV infection"
M0QX64,1B699F1064CDDF9C7AFE59D7C1CD8E66,EFO_0000764,"HIV infection"
E9PPG9,903E6D242093652274F2063DD2312D87,EFO_0002612,"human herpesvirus 8 infection"
Q96BM1,C7CC0053FC3B93CA01D40B382E54895B,EFO_0002612,"human herpesvirus 8 infection"
C9JUW4,E8FBD138C9377A829B95ACC9E8A19806,EFO_0002612,"human herpesvirus 8 infection"
G3V3I1,2F2D10EDC301952A669E265A1FAE3FFB,EFO_0000764,"HIV infection"
Q3U9E2,4FE71FBF50FD37D143F097BE789C33E6,EFO_0001669,"influenza infection"
Q3UG45,066957AEB2E8F8BF45AE24D6D42A7AA8,EFO_0001669,"influenza infection"
Q14579,5BCB834159391E2BA66E26BD8C28B739,EFO_0000764,"HIV infection"
Q3TZN4,D21CE9BC54B4651B69764B7EED22955C,EFO_0001669,"influenza infection"
Q3UJA1,F1B091F4286C03DEE93ED0AFBEF61BCE,EFO_0001669,"influenza infection"
I3PQW8,42662F4A1B9E58317AB6D3E3B7BC37C3,EFO_0001669,"influenza infection"
D3Z0S8,E24FF0A467E894CABCEE6EFA771BA33D,EFO_0001669,"influenza infection"
F5H682,765A98D571690D631128EF11944AD33D,EFO_0002612,"human herpesvirus 8 infection"
Q925P3,C793DEAFCB226C7C52728BA5AF5DE4FC,EFO_0001669,"influenza infection"
Q91X72,42662F4A1B9E58317AB6D3E3B7BC37C3,EFO_0001669,"influenza infection"
A2APM3,D21CE9BC54B4651B69764B7EED22955C,EFO_0001669,"influenza infection"
Q96AT9,32D29FCDB1CD34815FA100B1B21EB3F4,EFO_0000764,"HIV infection"
Q8CBB9,FCF60D225A6B665C062FC147B6B20C72,EFO_0001669,"influenza infection"
Q14103,801B8C520F12C5DAB3055DF83607BC03,EFO_0002612,"human herpesvirus 8 infection"
Q9NP58,E8FBD138C9377A829B95ACC9E8A19806,EFO_0002612,"human herpesvirus 8 infection"
P58340,686B1670518336B42340938969E5CB3E,EFO_0000764,"HIV infection"
C9JZQ9,CA881FE536EFCB5665CD0BD5275DB24C,EFO_0000764,"HIV infection"
H0YLG1,32D29FCDB1CD34815FA100B1B21EB3F4,EFO_0000764,"HIV infection"
D6RFY1,1B699F1064CDDF9C7AFE59D7C1CD8E66,EFO_0000764,"HIV infection"
Q3U2L4,4A433B3D4B9492B119BAC15906B5C1DE,EFO_0001669,"influenza infection"
B7ZLI7,E8FBD138C9377A829B95ACC9E8A19806,EFO_0002612,"human herpesvirus 8 infection"
O08691,500AAB6AB0F039C0D6B6151E4B58EA60,EFO_0001669,"influenza infection"
Q6QX36,4FE71FBF50FD37D143F097BE789C33E6,EFO_0001669,"influenza infection"
D3YYY2,4FE71FBF50FD37D143F097BE789C33E6,EFO_0001669,"influenza infection"
G8JL98,B28B0A11F37C9A556E4F5D9C5696C1B0,EFO_0000764,"HIV infection"
F5H2F4,8D3CFD9E3E0E46DBD8E3F083742D9085,EFO_0000764,"HIV infection"
Q8IUX1,6778809768AA2C958835646331EF7E4F,EFO_0000764,"HIV infection"
Q3TBM6,B33FCEA14F8A9101EA37318B9551B3D2,EFO_0001669,"influenza infection"
Q9Y676,2488D0314970F031BA530CF1E15113D2,EFO_0000764,"HIV infection"
I3L1E4,C7CC0053FC3B93CA01D40B382E54895B,EFO_0002612,"human herpesvirus 8 infection"
Q8SP64,C7CC0053FC3B93CA01D40B382E54895B,EFO_0002612,"human herpesvirus 8 infection"
Q8K1K2,500AAB6AB0F039C0D6B6151E4B58EA60,EFO_0001669,"influenza infection"
Q9WUP1,C793DEAFCB226C7C52728BA5AF5DE4FC,EFO_0001669,"influenza infection"
P29083,02B73C3D739D4F00CAFC62E832912C99,EFO_0000764,"HIV infection"
Q8IZ73,C7CC0053FC3B93CA01D40B382E54895B,EFO_0002612,"human herpesvirus 8 infection"
F7BJB9,F8FA4265BC0A83614E9E693679F7B191,EFO_0001669,"influenza infection"
Q810B6,B33FCEA14F8A9101EA37318B9551B3D2,EFO_0001669,"influenza infection"
Q9NR34,E8FBD138C9377A829B95ACC9E8A19806,EFO_0002612,"human herpesvirus 8 infection"
J3KTL4,765A98D571690D631128EF11944AD33D,EFO_0002612,"human herpesvirus 8 infection"
Q9Z1Q5,7F3A4C4C545DA713155FBCED303768A8,EFO_0001669,"influenza infection"
H0YJL7,02B73C3D739D4F00CAFC62E832912C99,EFO_0000764,"HIV infection"
O60486,2488D0314970F031BA530CF1E15113D2,EFO_0000764,"HIV infection"
P24668,E24FF0A467E894CABCEE6EFA771BA33D,EFO_0001669,"influenza infection"
H0YNU4,AA3D1CA539D292A96F5796D13C30CF0C,EFO_0000764,"HIV infection"
F8W914,801B8C520F12C5DAB3055DF83607BC03,EFO_0002612,"human herpesvirus 8 infection"
H7BWZ1,7F3A4C4C545DA713155FBCED303768A8,EFO_0001669,"influenza infection"
E9PXZ8,4FE71FBF50FD37D143F097BE789C33E6,EFO_0001669,"influenza infection"
Q3U2C5,4A433B3D4B9492B119BAC15906B5C1DE,EFO_0001669,"influenza infection"
O70145,066957AEB2E8F8BF45AE24D6D42A7AA8,EFO_0001669,"influenza infection"
Q9NVV5,C7CC0053FC3B93CA01D40B382E54895B,EFO_0002612,"human herpesvirus 8 infection"
E9Q0K6,AB9C6FB069EB972B142D5C0FC54041D3,EFO_0001669,"influenza infection"
D6REK8,903E6D242093652274F2063DD2312D87,EFO_0002612,"human herpesvirus 8 infection"
Q569U6,F1B091F4286C03DEE93ED0AFBEF61BCE,EFO_0001669,"influenza infection"
H3BTN5,E8FBD138C9377A829B95ACC9E8A19806,EFO_0002612,"human herpesvirus 8 infection"
E9PPA5,E8FBD138C9377A829B95ACC9E8A19806,EFO_0002612,"human herpesvirus 8 infection"
Q9D168,783DBFE50D4A5E1DBC5BB02FE7E5DDC0,EFO_0001669,"influenza infection"
E9PJ06,B28B0A11F37C9A556E4F5D9C5696C1B0,EFO_0000764,"HIV infection"
P10810,2B36C5C061F7F1F88783781FFE8E767C,EFO_0001669,"influenza infection"
E9PRY9,2F2D10EDC301952A669E265A1FAE3FFB,EFO_0000764,"HIV infection"
P55072,278237CB9D2EB0022421E02915F4EFF9,EFO_0000764,"HIV infection"
Q99J64,718E1B96266ECFB141161C4FD1795CC6,EFO_0001669,"influenza infection"
C9JEN9,E8FBD138C9377A829B95ACC9E8A19806,EFO_0002612,"human herpesvirus 8 infection"
F5GWN9,57B38B3342FFADC0497AEF387D0020DB,EFO_0002612,"human herpesvirus 8 infection"
E9PDF6,57B38B3342FFADC0497AEF387D0020DB,EFO_0002612,"human herpesvirus 8 infection"
Q5QPE1,2F2D10EDC301952A669E265A1FAE3FFB,EFO_0000764,"HIV infection"
P11672,EBDBB40D47AFEC4F4FFF067B1B83AA56,EFO_0001669,"influenza infection"
K7EPV0,2488D0314970F031BA530CF1E15113D2,EFO_0000764,"HIV infection"
E9Q6P1,AC31299867BC0176FEF24774FF4241E7,EFO_0001669,"influenza infection"
H3BLD6,2816CE27A197BB9FAED17873B9C4B7E5,EFO_0001669,"influenza infection"
P18405,392613023DBF1653BC0708E67AAAC235,EFO_0000764,"HIV infection"
D6RIM0,718E1B96266ECFB141161C4FD1795CC6,EFO_0001669,"influenza infection"
Q8C3V4,532B6BB1BDFFFF587173FDE9B7129F08,EFO_0001669,"influenza infection"
D6RB29,C7CC0053FC3B93CA01D40B382E54895B,EFO_0002612,"human herpesvirus 8 infection"
E5RJI7,1B699F1064CDDF9C7AFE59D7C1CD8E66,EFO_0000764,"HIV infection"
C9J0S5,61DE1BF2822385502A81919F670D20BD,EFO_0000694,"severe acute respiratory syndrome"
E9PYK0,E68BC7A5548A457539832A12B2BCC32E,EFO_0001669,"influenza infection"
E9PVQ3,1109F8A377944136004C408AB9AF8DF3,EFO_0001669,"influenza infection"
Q9H490,57B38B3342FFADC0497AEF387D0020DB,EFO_0002612,"human herpesvirus 8 infection"
G3V3Y3,801B8C520F12C5DAB3055DF83607BC03,EFO_0002612,"human herpesvirus 8 infection"
K7EKL1,C7CC0053FC3B93CA01D40B382E54895B,EFO_0002612,"human herpesvirus 8 infection"
Q544F3,AC31299867BC0176FEF24774FF4241E7,EFO_0001669,"influenza infection"
F7BJB9,532B6BB1BDFFFF587173FDE9B7129F08,EFO_0001669,"influenza infection"
Q53S54,84D433F5BAD15D4A72E8B3F4E2DB8832,EFO_0000764,"HIV infection"
A2AMJ1,4FE71FBF50FD37D143F097BE789C33E6,EFO_0001669,"influenza infection"
G3V4P4,74F2B31DA328AA8E320AD8BE2285EC5B,EFO_0000764,"HIV infection"
Q8CB10,E68BC7A5548A457539832A12B2BCC32E,EFO_0001669,"influenza infection"
Q8BHA0,1109F8A377944136004C408AB9AF8DF3,EFO_0001669,"influenza infection"
H0YF42,801B8C520F12C5DAB3055DF83607BC03,EFO_0002612,"human herpesvirus 8 infection"
C9JG30,57B38B3342FFADC0497AEF387D0020DB,EFO_0002612,"human herpesvirus 8 infection"
C9JWR3,57B38B3342FFADC0497AEF387D0020DB,EFO_0002612,"human herpesvirus 8 infection"
Q96FA6,E6EF178FF4E0851BCEF92A30F008E267,EFO_0000764,"HIV infection"
C9JRZ6,903E6D242093652274F2063DD2312D87,EFO_0002612,"human herpesvirus 8 infection"
Q9HC12,D6114DFD4F0D389440B046D64D1EFF1E,EFO_0000764,"HIV infection"
Q60963,9692EA8E7D0E6257A989CE2E03D014CF,EFO_0001669,"influenza infection"
Q9GZS3,765A98D571690D631128EF11944AD33D,EFO_0002612,"human herpesvirus 8 infection"
F8VSH0,801B8C520F12C5DAB3055DF83607BC03,EFO_0002612,"human herpesvirus 8 infection"
Q8IYH0,765A98D571690D631128EF11944AD33D,EFO_0002612,"human herpesvirus 8 infection"
G0ZMM8,903E6D242093652274F2063DD2312D87,EFO_0002612,"human herpesvirus 8 infection"
Q91YI6,F1B091F4286C03DEE93ED0AFBEF61BCE,EFO_0001669,"influenza infection"
Q91Z25,B33FCEA14F8A9101EA37318B9551B3D2,EFO_0001669,"influenza infection"
E5RFM4,AA3D1CA539D292A96F5796D13C30CF0C,EFO_0000764,"HIV infection"
P84244,B33FCEA14F8A9101EA37318B9551B3D2,EFO_0001669,"influenza infection"
A2AI17,783DBFE50D4A5E1DBC5BB02FE7E5DDC0,EFO_0001669,"influenza infection"
H0YNB7,5BCB834159391E2BA66E26BD8C28B739,EFO_0000764,"HIV infection"
Q5U026,E8FBD138C9377A829B95ACC9E8A19806,EFO_0002612,"human herpesvirus 8 infection"
H0YFD1,B334ACFD034CEBDC73BBDA748C97C65B,EFO_0000764,"HIV infection"
F5H425,2488D0314970F031BA530CF1E15113D2,EFO_0000764,"HIV infection"
Q96HE7,903E6D242093652274F2063DD2312D87,EFO_0002612,"human herpesvirus 8 infection"
Q9Y375,A73DF2821D7B408B4A0ABABF6FDA8389,EFO_0000764,"HIV infection"
K7ESH8,278237CB9D2EB0022421E02915F4EFF9,EFO_0000764,"HIV infection"
G3V5F9,2996A0C7C9C0FCE87DF8ABB789D06F80,EFO_0000764,"HIV infection"
Q3UY39,532B6BB1BDFFFF587173FDE9B7129F08,EFO_0001669,"influenza infection"
H0YK58,CA881FE536EFCB5665CD0BD5275DB24C,EFO_0000764,"HIV infection"
Q6UX73,765A98D571690D631128EF11944AD33D,EFO_0002612,"human herpesvirus 8 infection"
E9PNK2,8791416999777B09652A4B1A08FDE858,EFO_0000764,"HIV infection"
P53347,4A433B3D4B9492B119BAC15906B5C1DE,EFO_0001669,"influenza infection"
Q9NVI1,E6C200A1C96141C16B4E0BCEFAADC8E6,EFO_0000764,"HIV infection"
O15205,E8FBD138C9377A829B95ACC9E8A19806,EFO_0002612,"human herpesvirus 8 infection"
E9Q2N7,2816CE27A197BB9FAED17873B9C4B7E5,EFO_0001669,"influenza infection"
F8WCB7,A73DF2821D7B408B4A0ABABF6FDA8389,EFO_0000764,"HIV infection"
P35250,C7CC0053FC3B93CA01D40B382E54895B,EFO_0002612,"human herpesvirus 8 infection"
E9PN39,E8FBD138C9377A829B95ACC9E8A19806,EFO_0002612,"human herpesvirus 8 infection"
O35714,2816CE27A197BB9FAED17873B9C4B7E5,EFO_0001669,"influenza infection"
Q9NRP4,E8FBD138C9377A829B95ACC9E8A19806,EFO_0002612,"human herpesvirus 8 infection"
G3V4E5,2488D0314970F031BA530CF1E15113D2,EFO_0000764,"HIV infection"
E9Q0X0,34B36FC08E535FF974E21B82A0984EAA,EFO_0001669,"influenza infection"
H0Y3H0,801B8C520F12C5DAB3055DF83607BC03,EFO_0002612,"human herpesvirus 8 infection"
B4DX68,E7D4EB1CA5010F8597BFB02138109DF8,EFO_0000764,"HIV infection"
P07686,765A98D571690D631128EF11944AD33D,EFO_0002612,"human herpesvirus 8 infection"
G3V5P8,57B38B3342FFADC0497AEF387D0020DB,EFO_0002612,"human herpesvirus 8 infection"
Q544Z6,FCF60D225A6B665C062FC147B6B20C72,EFO_0001669,"influenza infection"
H3BJ55,1109F8A377944136004C408AB9AF8DF3,EFO_0001669,"influenza infection"
P63082,783DBFE50D4A5E1DBC5BB02FE7E5DDC0,EFO_0001669,"influenza infection"
B4DZ31,E8FBD138C9377A829B95ACC9E8A19806,EFO_0002612,"human herpesvirus 8 infection"
I3ZNL2,801B8C520F12C5DAB3055DF83607BC03,EFO_0002612,"human herpesvirus 8 infection"
H3BLG5,9692EA8E7D0E6257A989CE2E03D014CF,EFO_0001669,"influenza infection"
H0YM70,3FF4B3824383FDBED32E77F48934CE48,EFO_0000764,"HIV infection"
H3BK88,AB9C6FB069EB972B142D5C0FC54041D3,EFO_0001669,"influenza infection"
Q6LC83,429130F32BE410FA3ADF6C38C31E1DBF,EFO_0000764,"HIV infection"
Q8VHK4,AC31299867BC0176FEF24774FF4241E7,EFO_0001669,"influenza infection"
K7ELQ0,C7CC0053FC3B93CA01D40B382E54895B,EFO_0002612,"human herpesvirus 8 infection"
B2RB70,C7CC0053FC3B93CA01D40B382E54895B,EFO_0002612,"human herpesvirus 8 infection"
B2RQV1,532B6BB1BDFFFF587173FDE9B7129F08,EFO_0001669,"influenza infection"
M0QY85,903E6D242093652274F2063DD2312D87,EFO_0002612,"human herpesvirus 8 infection"
B7ZC85,FCF60D225A6B665C062FC147B6B20C72,EFO_0001669,"influenza infection"
I6TMT6,903E6D242093652274F2063DD2312D87,EFO_0002612,"human herpesvirus 8 infection"
D3Z3N1,CD8D84C600FD788BB0C0C4BDE1A39417,EFO_0001669,"influenza infection"
Q8R2Q8,F8FA4265BC0A83614E9E693679F7B191,EFO_0001669,"influenza infection"
D9IX68,E8FBD138C9377A829B95ACC9E8A19806,EFO_0002612,"human herpesvirus 8 infection"
D6RD83,57B38B3342FFADC0497AEF387D0020DB,EFO_0002612,"human herpesvirus 8 infection"
H7BXP4,2238700BCEBF3A2AE182A122D15F29B2,EFO_0000764,"HIV infection"
Q3U1H4,AB9C6FB069EB972B142D5C0FC54041D3,EFO_0001669,"influenza infection"
C9J013,B28B0A11F37C9A556E4F5D9C5696C1B0,EFO_0000764,"HIV infection"
J3QLC8,57B38B3342FFADC0497AEF387D0020DB,EFO_0002612,"human herpesvirus 8 infection"
B4DFM7,801B8C520F12C5DAB3055DF83607BC03,EFO_0002612,"human herpesvirus 8 infection"
Q5SF07,FCF60D225A6B665C062FC147B6B20C72,EFO_0001669,"influenza infection"
B4DRE6,E6EF178FF4E0851BCEF92A30F008E267,EFO_0000764,"HIV infection"
Q6ZU41,57B38B3342FFADC0497AEF387D0020DB,EFO_0002612,"human herpesvirus 8 infection"
B2R5P6,7D493DD38101D62B7400186466FA203B,EFO_0000764,"HIV infection"
Q96DB6,57B38B3342FFADC0497AEF387D0020DB,EFO_0002612,"human herpesvirus 8 infection"
G5E9C0,392613023DBF1653BC0708E67AAAC235,EFO_0000764,"HIV infection"
F5H0C8,801B8C520F12C5DAB3055DF83607BC03,EFO_0002612,"human herpesvirus 8 infection"
B7ZC54,2816CE27A197BB9FAED17873B9C4B7E5,EFO_0001669,"influenza infection"
Q03734,4A433B3D4B9492B119BAC15906B5C1DE,EFO_0001669,"influenza infection"
J3KRG8,801B8C520F12C5DAB3055DF83607BC03,EFO_0002612,"human herpesvirus 8 infection"
P56477,D21CE9BC54B4651B69764B7EED22955C,EFO_0001669,"influenza infection"
Q9D992,F8FA4265BC0A83614E9E693679F7B191,EFO_0001669,"influenza infection"
Q9H8V3,801B8C520F12C5DAB3055DF83607BC03,EFO_0002612,"human herpesvirus 8 infection"
Q3U8S1,E68BC7A5548A457539832A12B2BCC32E,EFO_0001669,"influenza infection"
Q8TCN6,2488D0314970F031BA530CF1E15113D2,EFO_0000764,"HIV infection"
Q8WMA1,57B38B3342FFADC0497AEF387D0020DB,EFO_0002612,"human herpesvirus 8 infection"
E9PCS3,765A98D571690D631128EF11944AD33D,EFO_0002612,"human herpesvirus 8 infection"
D6RJJ2,498E3D6CD1956C30F0563CD738B0F362,EFO_0001669,"influenza infection"
O60512,E7D4EB1CA5010F8597BFB02138109DF8,EFO_0000764,"HIV infection"
O15091,32D29FCDB1CD34815FA100B1B21EB3F4,EFO_0000764,"HIV infection"
B4DJE1,57B38B3342FFADC0497AEF387D0020DB,EFO_0002612,"human herpesvirus 8 infection"
Q8JZV7,D21CE9BC54B4651B69764B7EED22955C,EFO_0001669,"influenza infection"
E9PU89,AB9C6FB069EB972B142D5C0FC54041D3,EFO_0001669,"influenza infection"
B9EJR4,C793DEAFCB226C7C52728BA5AF5DE4FC,EFO_0001669,"influenza infection"
O60547,57B38B3342FFADC0497AEF387D0020DB,EFO_0002612,"human herpesvirus 8 infection"
A2AQW3,532B6BB1BDFFFF587173FDE9B7129F08,EFO_0001669,"influenza infection"
B2RW07,EBDBB40D47AFEC4F4FFF067B1B83AA56,EFO_0001669,"influenza infection"
Q8WYK3,5BCB834159391E2BA66E26BD8C28B739,EFO_0000764,"HIV infection"
D6RDU0,C793DEAFCB226C7C52728BA5AF5DE4FC,EFO_0001669,"influenza infection"
P21283,765A98D571690D631128EF11944AD33D,EFO_0002612,"human herpesvirus 8 infection"
Q0G847,E8FBD138C9377A829B95ACC9E8A19806,EFO_0002612,"human herpesvirus 8 infection"
Q59GN9,903E6D242093652274F2063DD2312D87,EFO_0002612,"human herpesvirus 8 infection"
P42785,765A98D571690D631128EF11944AD33D,EFO_0002612,"human herpesvirus 8 infection"
Q3TB93,B33FCEA14F8A9101EA37318B9551B3D2,EFO_0001669,"influenza infection"
C9JDI8,3FF4B3824383FDBED32E77F48934CE48,EFO_0000764,"HIV infection"
B4DSC0,57B38B3342FFADC0497AEF387D0020DB,EFO_0002612,"human herpesvirus 8 infection"
F8VTT7,801B8C520F12C5DAB3055DF83607BC03,EFO_0002612,"human herpesvirus 8 infection"
C9J3M3,429130F32BE410FA3ADF6C38C31E1DBF,EFO_0000764,"HIV infection"
P50213,C7CC0053FC3B93CA01D40B382E54895B,EFO_0002612,"human herpesvirus 8 infection"
Q99N95,1109F8A377944136004C408AB9AF8DF3,EFO_0001669,"influenza infection"
Q5JSK9,E8FBD138C9377A829B95ACC9E8A19806,EFO_0002612,"human herpesvirus 8 infection"
P13473,44E9E124E11715BF74179B65F809B77D,EFO_0000764,"HIV infection"
P54823,7F3A4C4C545DA713155FBCED303768A8,EFO_0001669,"influenza infection"
E7ETJ2,686B1670518336B42340938969E5CB3E,EFO_0000764,"HIV infection"
P07900,801B8C520F12C5DAB3055DF83607BC03,EFO_0002612,"human herpesvirus 8 infection"
E9PVP5,1109F8A377944136004C408AB9AF8DF3,EFO_0001669,"influenza infection"
F8WE30,57B38B3342FFADC0497AEF387D0020DB,EFO_0002612,"human herpesvirus 8 infection"
H9KVC3,EA18655965074E5AD43CFDB866342AF3,EFO_0000764,"HIV infection"
P07864,903E6D242093652274F2063DD2312D87,EFO_0002612,"human herpesvirus 8 infection"
P24844,E8FBD138C9377A829B95ACC9E8A19806,EFO_0002612,"human herpesvirus 8 infection"
O60502,2238700BCEBF3A2AE182A122D15F29B2,EFO_0000764,"HIV infection"
P30048,392613023DBF1653BC0708E67AAAC235,EFO_0000764,"HIV infection"
F8VWV8,02670FD63C510F6172E3DD2EC3DFB0B9,EFO_0000764,"HIV infection"
B0QY21,F99E783EC3BB2050B23734363EE9F4C8,EFO_0000764,"HIV infection"
Q71KU9,718E1B96266ECFB141161C4FD1795CC6,EFO_0001669,"influenza infection"
P17433,E68BC7A5548A457539832A12B2BCC32E,EFO_0001669,"influenza infection"
Q9CZB6,532B6BB1BDFFFF587173FDE9B7129F08,EFO_0001669,"influenza infection"
G3X949,C793DEAFCB226C7C52728BA5AF5DE4FC,EFO_0001669,"influenza infection"
Q8C483,F1B091F4286C03DEE93ED0AFBEF61BCE,EFO_0001669,"influenza infection"
A3KGH7,2B36C5C061F7F1F88783781FFE8E767C,EFO_0001669,"influenza infection"
B4E208,E8FBD138C9377A829B95ACC9E8A19806,EFO_0002612,"human herpesvirus 8 infection"
H3BKE8,4FE71FBF50FD37D143F097BE789C33E6,EFO_0001669,"influenza infection"
B4DWD3,903E6D242093652274F2063DD2312D87,EFO_0002612,"human herpesvirus 8 infection"
Q8NEM2,CA881FE536EFCB5665CD0BD5275DB24C,EFO_0000764,"HIV infection"
P04187,F8FA4265BC0A83614E9E693679F7B191,EFO_0001669,"influenza infection"
O35626,F8FA4265BC0A83614E9E693679F7B191,EFO_0001669,"influenza infection"
Q9H3Y8,3F9BA47BB5AC915A23BDBE062697F9CD,EFO_0000764,"HIV infection"
Q86SY9,02670FD63C510F6172E3DD2EC3DFB0B9,EFO_0000764,"HIV infection"
Q8CJA5,9692EA8E7D0E6257A989CE2E03D014CF,EFO_0001669,"influenza infection"
B4DRN7,B28B0A11F37C9A556E4F5D9C5696C1B0,EFO_0000764,"HIV infection"
Q8R1Z9,EBDBB40D47AFEC4F4FFF067B1B83AA56,EFO_0001669,"influenza infection"
A2AIW4,718E1B96266ECFB141161C4FD1795CC6,EFO_0001669,"influenza infection"
B8ZZ09,903E6D242093652274F2063DD2312D87,EFO_0002612,"human herpesvirus 8 infection"
J3QPY0,AB9C6FB069EB972B142D5C0FC54041D3,EFO_0001669,"influenza infection"
Q9H616,32D29FCDB1CD34815FA100B1B21EB3F4,EFO_0000764,"HIV infection"
Q7Z7K0,57B38B3342FFADC0497AEF387D0020DB,EFO_0002612,"human herpesvirus 8 infection"
Q8BZT9,34B36FC08E535FF974E21B82A0984EAA,EFO_0001669,"influenza infection"
Q1MX43,EBDBB40D47AFEC4F4FFF067B1B83AA56,EFO_0001669,"influenza infection"
Q9Y3A2,C7CC0053FC3B93CA01D40B382E54895B,EFO_0002612,"human herpesvirus 8 infection"
I3L1Z7,32D29FCDB1CD34815FA100B1B21EB3F4,EFO_0000764,"HIV infection"
F2Z2D6,C7CC0053FC3B93CA01D40B382E54895B,EFO_0002612,"human herpesvirus 8 infection"
H3BV93,C7CC0053FC3B93CA01D40B382E54895B,EFO_0002612,"human herpesvirus 8 infection"
A2AES3,AC31299867BC0176FEF24774FF4241E7,EFO_0001669,"influenza infection"
Q3U0S8,7F3A4C4C545DA713155FBCED303768A8,EFO_0001669,"influenza infection"
C9J5S9,765A98D571690D631128EF11944AD33D,EFO_0002612,"human herpesvirus 8 infection"
C9J9P4,8904C55EAB26D43C7A31DCBDB443AF78,EFO_0000764,"HIV infection"
J3KPA1,7B44077B5B07A1CA05482ABA77C31E96,EFO_0000694,"severe acute respiratory syndrome"
O75594,27915EA8D478AB47294C538CAA201F34,EFO_0000694,"severe acute respiratory syndrome"
Q5SWX3,57B38B3342FFADC0497AEF387D0020DB,EFO_0002612,"human herpesvirus 8 infection"
A2AWF8,4FE71FBF50FD37D143F097BE789C33E6,EFO_0001669,"influenza infection"
E7ERR5,3FBB30CCD9C7BC34B9A8D0F8634F67D2,EFO_0000764,"HIV infection"
Q9D7N6,B33FCEA14F8A9101EA37318B9551B3D2,EFO_0001669,"influenza infection"
Q8IVU3,015C5FE8DBD7EE40A85B5FC0C6F94D9A,EFO_0000764,"HIV infection"
J3QTA2,0CF40CCEF287568848BF1326F056649B,EFO_0000764,"HIV infection"
Q5GMH1,532B6BB1BDFFFF587173FDE9B7129F08,EFO_0001669,"influenza infection"
E5RH23,903E6D242093652274F2063DD2312D87,EFO_0002612,"human herpesvirus 8 infection"
A2ABP5,42662F4A1B9E58317AB6D3E3B7BC37C3,EFO_0001669,"influenza infection"
E9Q5L6,E24FF0A467E894CABCEE6EFA771BA33D,EFO_0001669,"influenza infection"
D6RF62,2F2D10EDC301952A669E265A1FAE3FFB,EFO_0000764,"HIV infection"
D3YU16,7F3A4C4C545DA713155FBCED303768A8,EFO_0001669,"influenza infection"
Q3UUV9,CD8D84C600FD788BB0C0C4BDE1A39417,EFO_0001669,"influenza infection"
K7EP90,765A98D571690D631128EF11944AD33D,EFO_0002612,"human herpesvirus 8 infection"
Q8IUX1,E6C200A1C96141C16B4E0BCEFAADC8E6,EFO_0000764,"HIV infection"
P04202,500AAB6AB0F039C0D6B6151E4B58EA60,EFO_0001669,"influenza infection"
B4DUX4,E8FBD138C9377A829B95ACC9E8A19806,EFO_0002612,"human herpesvirus 8 infection"
H9CWI2,57B38B3342FFADC0497AEF387D0020DB,EFO_0002612,"human herpesvirus 8 infection"
Q8CGT6,D21CE9BC54B4651B69764B7EED22955C,EFO_0001669,"influenza infection"
B4E159,903E6D242093652274F2063DD2312D87,EFO_0002612,"human herpesvirus 8 infection"
P08195,57B38B3342FFADC0497AEF387D0020DB,EFO_0002612,"human herpesvirus 8 infection"
I7A4E3,57B38B3342FFADC0497AEF387D0020DB,EFO_0002612,"human herpesvirus 8 infection"
G3V4M4,903E6D242093652274F2063DD2312D87,EFO_0002612,"human herpesvirus 8 infection"
Q80WT5,650BC5B7FADB3C1FDD11A188B9610605,EFO_0001669,"influenza infection"
F8VV39,EA18655965074E5AD43CFDB866342AF3,EFO_0000764,"HIV infection"
H3BLF5,B33FCEA14F8A9101EA37318B9551B3D2,EFO_0001669,"influenza infection"
P06800,F8FA4265BC0A83614E9E693679F7B191,EFO_0001669,"influenza infection"
Q3U1J7,4A433B3D4B9492B119BAC15906B5C1DE,EFO_0001669,"influenza infection"
Q8N183,C7CC0053FC3B93CA01D40B382E54895B,EFO_0002612,"human herpesvirus 8 infection"
P30204,066957AEB2E8F8BF45AE24D6D42A7AA8,EFO_0001669,"influenza infection"
O55135,4A433B3D4B9492B119BAC15906B5C1DE,EFO_0001669,"influenza infection"
H0YMA4,5BCB834159391E2BA66E26BD8C28B739,EFO_0000764,"HIV infection"
B7Z904,015C5FE8DBD7EE40A85B5FC0C6F94D9A,EFO_0000764,"HIV infection"
O00534,E8FBD138C9377A829B95ACC9E8A19806,EFO_0002612,"human herpesvirus 8 infection"
O89113,42662F4A1B9E58317AB6D3E3B7BC37C3,EFO_0001669,"influenza infection"
B2R5P6,2488D0314970F031BA530CF1E15113D2,EFO_0000764,"HIV infection"
F2Z3W8,498E3D6CD1956C30F0563CD738B0F362,EFO_0001669,"influenza infection"
D3DNS0,D6114DFD4F0D389440B046D64D1EFF1E,EFO_0000764,"HIV infection"
C9JIV1,C7CC0053FC3B93CA01D40B382E54895B,EFO_0002612,"human herpesvirus 8 infection"
P23258,015C5FE8DBD7EE40A85B5FC0C6F94D9A,EFO_0000764,"HIV infection"
C9J6W2,903E6D242093652274F2063DD2312D87,EFO_0002612,"human herpesvirus 8 infection"
M0R0Y6,57B38B3342FFADC0497AEF387D0020DB,EFO_0002612,"human herpesvirus 8 infection"
E7EMT6,765A98D571690D631128EF11944AD33D,EFO_0002612,"human herpesvirus 8 infection"
D6RFK9,765A98D571690D631128EF11944AD33D,EFO_0002612,"human herpesvirus 8 infection"
D6RIN3,CD8D84C600FD788BB0C0C4BDE1A39417,EFO_0001669,"influenza infection"
Q9BTT0,44E9E124E11715BF74179B65F809B77D,EFO_0000764,"HIV infection"
Q8TCG1,E8FBD138C9377A829B95ACC9E8A19806,EFO_0002612,"human herpesvirus 8 infection"
H0YLS6,E7D4EB1CA5010F8597BFB02138109DF8,EFO_0000764,"HIV infection"
Q9R0Q8,E68BC7A5548A457539832A12B2BCC32E,EFO_0001669,"influenza infection"
D6RET0,34B36FC08E535FF974E21B82A0984EAA,EFO_0001669,"influenza infection"
D3DPC4,A73DF2821D7B408B4A0ABABF6FDA8389,EFO_0000764,"HIV infection"
H0YAL6,E65DBB1DE1BF4509FFBBDCD7B390A9BE,EFO_0000764,"HIV infection"
K4JUB1,6778809768AA2C958835646331EF7E4F,EFO_0000764,"HIV infection"
E7ETN6,765A98D571690D631128EF11944AD33D,EFO_0002612,"human herpesvirus 8 infection"
E7EN92,57B38B3342FFADC0497AEF387D0020DB,EFO_0002612,"human herpesvirus 8 infection"
Q5F271,9692EA8E7D0E6257A989CE2E03D014CF,EFO_0001669,"influenza infection"
Q53Y97,2996A0C7C9C0FCE87DF8ABB789D06F80,EFO_0000764,"HIV infection"
J3QQV5,44E9E124E11715BF74179B65F809B77D,EFO_0000764,"HIV infection"
Q96FU6,C7CC0053FC3B93CA01D40B382E54895B,EFO_0002612,"human herpesvirus 8 infection"
B7Z4N8,015C5FE8DBD7EE40A85B5FC0C6F94D9A,EFO_0000764,"HIV infection"
Q64695,9692EA8E7D0E6257A989CE2E03D014CF,EFO_0001669,"influenza infection"
C9JB40,903E6D242093652274F2063DD2312D87,EFO_0002612,"human herpesvirus 8 infection"
B1AVH7,E68BC7A5548A457539832A12B2BCC32E,EFO_0001669,"influenza infection"
H3BLY8,E8FBD138C9377A829B95ACC9E8A19806,EFO_0002612,"human herpesvirus 8 infection"
H0YLD2,2488D0314970F031BA530CF1E15113D2,EFO_0000764,"HIV infection"
Q9UBI1,903E6D242093652274F2063DD2312D87,EFO_0002612,"human herpesvirus 8 infection"
F5H5X6,E8FBD138C9377A829B95ACC9E8A19806,EFO_0002612,"human herpesvirus 8 infection"
Q9WU67,650BC5B7FADB3C1FDD11A188B9610605,EFO_0001669,"influenza infection"
F2Z361,02B73C3D739D4F00CAFC62E832912C99,EFO_0000764,"HIV infection"
K7ENV1,C7CC0053FC3B93CA01D40B382E54895B,EFO_0002612,"human herpesvirus 8 infection"
Q9UKT4,E6EF178FF4E0851BCEF92A30F008E267,EFO_0000764,"HIV infection"
G3V2B1,CA881FE536EFCB5665CD0BD5275DB24C,EFO_0000764,"HIV infection"
Q91V81,4FE71FBF50FD37D143F097BE789C33E6,EFO_0001669,"influenza infection"
O08992,C529493D9C27C621F0DF78E527D18A6F,EFO_0001669,"influenza infection"
P56211,765A98D571690D631128EF11944AD33D,EFO_0002612,"human herpesvirus 8 infection"
Q9HBM1,903E6D242093652274F2063DD2312D87,EFO_0002612,"human herpesvirus 8 infection"
Q5QR36,C7CC0053FC3B93CA01D40B382E54895B,EFO_0002612,"human herpesvirus 8 infection"
Q7TN01,4A433B3D4B9492B119BAC15906B5C1DE,EFO_0001669,"influenza infection"
H3BJH7,F8FA4265BC0A83614E9E693679F7B191,EFO_0001669,"influenza infection"
D6RG37,C7CC0053FC3B93CA01D40B382E54895B,EFO_0002612,"human herpesvirus 8 infection"
Q3UJU9,2816CE27A197BB9FAED17873B9C4B7E5,EFO_0001669,"influenza infection"
Q8R239,C793DEAFCB226C7C52728BA5AF5DE4FC,EFO_0001669,"influenza infection"
Q6FIF0,8D3CFD9E3E0E46DBD8E3F083742D9085,EFO_0000764,"HIV infection"
E7ERI8,57B38B3342FFADC0497AEF387D0020DB,EFO_0002612,"human herpesvirus 8 infection"
E7EUJ1,57B38B3342FFADC0497AEF387D0020DB,EFO_0002612,"human herpesvirus 8 infection"
E9QL31,AC31299867BC0176FEF24774FF4241E7,EFO_0001669,"influenza infection"
Q9Y2R9,801B8C520F12C5DAB3055DF83607BC03,EFO_0002612,"human herpesvirus 8 infection"
Q14BA6,2B36C5C061F7F1F88783781FFE8E767C,EFO_0001669,"influenza infection"
Q5JYD4,E8FBD138C9377A829B95ACC9E8A19806,EFO_0002612,"human herpesvirus 8 infection"
C9JYV5,57B38B3342FFADC0497AEF387D0020DB,EFO_0002612,"human herpesvirus 8 infection"
E5RJX7,E6EF178FF4E0851BCEF92A30F008E267,EFO_0000764,"HIV infection"
Q8BTZ9,718E1B96266ECFB141161C4FD1795CC6,EFO_0001669,"influenza infection"
J3QRB2,AA3D1CA539D292A96F5796D13C30CF0C,EFO_0000764,"HIV infection"
L7N260,532B6BB1BDFFFF587173FDE9B7129F08,EFO_0001669,"influenza infection"
E9Q653,34B36FC08E535FF974E21B82A0984EAA,EFO_0001669,"influenza infection"
G1UD80,C7CC0053FC3B93CA01D40B382E54895B,EFO_0002612,"human herpesvirus 8 infection"
Q9R0S0,066957AEB2E8F8BF45AE24D6D42A7AA8,EFO_0001669,"influenza infection"
H3BKJ8,9692EA8E7D0E6257A989CE2E03D014CF,EFO_0001669,"influenza infection"
Q2VPE7,6778809768AA2C958835646331EF7E4F,EFO_0000764,"HIV infection"
Q6ZWY3,E68BC7A5548A457539832A12B2BCC32E,EFO_0001669,"influenza infection"
Q9NTJ3,7D493DD38101D62B7400186466FA203B,EFO_0000764,"HIV infection"
J3QK51,E68BC7A5548A457539832A12B2BCC32E,EFO_0001669,"influenza infection"
Q91WJ7,718E1B96266ECFB141161C4FD1795CC6,EFO_0001669,"influenza infection"
G3V5N4,8D3CFD9E3E0E46DBD8E3F083742D9085,EFO_0000764,"HIV infection"
Q5T9Q8,8904C55EAB26D43C7A31DCBDB443AF78,EFO_0000764,"HIV infection"
A2AMI9,F8FA4265BC0A83614E9E693679F7B191,EFO_0001669,"influenza infection"
Q3UAZ3,42662F4A1B9E58317AB6D3E3B7BC37C3,EFO_0001669,"influenza infection"
C9JMM4,F99E783EC3BB2050B23734363EE9F4C8,EFO_0000764,"HIV infection"
A6NIR2,5BCB834159391E2BA66E26BD8C28B739,EFO_0000764,"HIV infection"
Q9Y2R5,57B38B3342FFADC0497AEF387D0020DB,EFO_0002612,"human herpesvirus 8 infection"
Q3UPF5,4A433B3D4B9492B119BAC15906B5C1DE,EFO_0001669,"influenza infection"
M0R1X3,13366A871D3F92AD7C26A7E93C31B6DD,EFO_0000694,"severe acute respiratory syndrome"
O35593,532B6BB1BDFFFF587173FDE9B7129F08,EFO_0001669,"influenza infection"
J3QMN9,E24FF0A467E894CABCEE6EFA771BA33D,EFO_0001669,"influenza infection"
Q9QZ85,B9FB8ADD9F10D31DA22E2B1293DBC69B,EFO_0001669,"influenza infection"
K7EP68,903E6D242093652274F2063DD2312D87,EFO_0002612,"human herpesvirus 8 infection"
Q3UNJ0,FCF60D225A6B665C062FC147B6B20C72,EFO_0001669,"influenza infection"
B1AKM9,E8FBD138C9377A829B95ACC9E8A19806,EFO_0002612,"human herpesvirus 8 infection"
E0CX25,CD8D84C600FD788BB0C0C4BDE1A39417,EFO_0001669,"influenza infection"
A2VDH5,F8FA4265BC0A83614E9E693679F7B191,EFO_0001669,"influenza infection"
P62826,57B38B3342FFADC0497AEF387D0020DB,EFO_0002612,"human herpesvirus 8 infection"
M0R1K9,C7CC0053FC3B93CA01D40B382E54895B,EFO_0002612,"human herpesvirus 8 infection"
A6ND99,E8FBD138C9377A829B95ACC9E8A19806,EFO_0002612,"human herpesvirus 8 infection"
J3KSM3,E8FBD138C9377A829B95ACC9E8A19806,EFO_0002612,"human herpesvirus 8 infection"
A8MU28,903E6D242093652274F2063DD2312D87,EFO_0002612,"human herpesvirus 8 infection"
H0Y8T9,02670FD63C510F6172E3DD2EC3DFB0B9,EFO_0000764,"HIV infection"
P10153,2495136965CC00D09527AEFCE7C57054,EFO_0000694,"severe acute respiratory syndrome"
H3BKM5,F8FA4265BC0A83614E9E693679F7B191,EFO_0001669,"influenza infection"
J3KPM7,8791416999777B09652A4B1A08FDE858,EFO_0000764,"HIV infection"
P61011,C209FBB501A04C2EBC0BA1BD1F01A362,EFO_0000764,"HIV infection"
Q9UMI8,84D433F5BAD15D4A72E8B3F4E2DB8832,EFO_0000764,"HIV infection"
Q67C41,CA881FE536EFCB5665CD0BD5275DB24C,EFO_0000764,"HIV infection"
Q3LRI6,2996A0C7C9C0FCE87DF8ABB789D06F80,EFO_0000764,"HIV infection"
C9J710,765A98D571690D631128EF11944AD33D,EFO_0002612,"human herpesvirus 8 infection"
Q9UM00,7D493DD38101D62B7400186466FA203B,EFO_0000764,"HIV infection"
O70252,650BC5B7FADB3C1FDD11A188B9610605,EFO_0001669,"influenza infection"
H0YLC2,6778809768AA2C958835646331EF7E4F,EFO_0000764,"HIV infection"
Q3U184,532B6BB1BDFFFF587173FDE9B7129F08,EFO_0001669,"influenza infection"
Q9EQQ2,34B36FC08E535FF974E21B82A0984EAA,EFO_0001669,"influenza infection"
E9PWL0,C529493D9C27C621F0DF78E527D18A6F,EFO_0001669,"influenza infection"
J3QKX7,801B8C520F12C5DAB3055DF83607BC03,EFO_0002612,"human herpesvirus 8 infection"
Q62159,532B6BB1BDFFFF587173FDE9B7129F08,EFO_0001669,"influenza infection"
H3BPV6,C7CC0053FC3B93CA01D40B382E54895B,EFO_0002612,"human herpesvirus 8 infection"
J3KN59,801B8C520F12C5DAB3055DF83607BC03,EFO_0002612,"human herpesvirus 8 infection"
P26955,9692EA8E7D0E6257A989CE2E03D014CF,EFO_0001669,"influenza infection"
B1ARC3,2816CE27A197BB9FAED17873B9C4B7E5,EFO_0001669,"influenza infection"
E9PG39,3FBB30CCD9C7BC34B9A8D0F8634F67D2,EFO_0000764,"HIV infection"
H0Y881,429130F32BE410FA3ADF6C38C31E1DBF,EFO_0000764,"HIV infection"
P34884,500AAB6AB0F039C0D6B6151E4B58EA60,EFO_0001669,"influenza infection"
Q8K335,C529493D9C27C621F0DF78E527D18A6F,EFO_0001669,"influenza infection"
H0YMI6,1B699F1064CDDF9C7AFE59D7C1CD8E66,EFO_0000764,"HIV infection"
C9JJ35,765A98D571690D631128EF11944AD33D,EFO_0002612,"human herpesvirus 8 infection"
B5MDP1,F99E783EC3BB2050B23734363EE9F4C8,EFO_0000764,"HIV infection"
P78406,903E6D242093652274F2063DD2312D87,EFO_0002612,"human herpesvirus 8 infection"
H3BJH4,066957AEB2E8F8BF45AE24D6D42A7AA8,EFO_0001669,"influenza infection"
I3L0U8,02670FD63C510F6172E3DD2EC3DFB0B9,EFO_0000764,"HIV infection"
D3YVL0,F8FA4265BC0A83614E9E693679F7B191,EFO_0001669,"influenza infection"
Q9D8C9,718E1B96266ECFB141161C4FD1795CC6,EFO_0001669,"influenza infection"
Q14195,C7CC0053FC3B93CA01D40B382E54895B,EFO_0002612,"human herpesvirus 8 infection"
P53396,2238700BCEBF3A2AE182A122D15F29B2,EFO_0000764,"HIV infection"
Q8C6N4,1109F8A377944136004C408AB9AF8DF3,EFO_0001669,"influenza infection"
O96028,E8FBD138C9377A829B95ACC9E8A19806,EFO_0002612,"human herpesvirus 8 infection"
J3QSE8,57B38B3342FFADC0497AEF387D0020DB,EFO_0002612,"human herpesvirus 8 infection"
B3KWG6,57B38B3342FFADC0497AEF387D0020DB,EFO_0002612,"human herpesvirus 8 infection"
C9JL94,903E6D242093652274F2063DD2312D87,EFO_0002612,"human herpesvirus 8 infection"
Q3TKR3,E68BC7A5548A457539832A12B2BCC32E,EFO_0001669,"influenza infection"
Q7Z3V4,C7CC0053FC3B93CA01D40B382E54895B,EFO_0002612,"human herpesvirus 8 infection"
Q3TZN4,B9FB8ADD9F10D31DA22E2B1293DBC69B,EFO_0001669,"influenza infection"
G3V3W4,015C5FE8DBD7EE40A85B5FC0C6F94D9A,EFO_0000764,"HIV infection"
I6TF01,765A98D571690D631128EF11944AD33D,EFO_0002612,"human herpesvirus 8 infection"
O95992,C7CC0053FC3B93CA01D40B382E54895B,EFO_0002612,"human herpesvirus 8 infection"
G9HWA9,57B38B3342FFADC0497AEF387D0020DB,EFO_0002612,"human herpesvirus 8 infection"
A2A7G9,9692EA8E7D0E6257A989CE2E03D014CF,EFO_0001669,"influenza infection"
Q9UNH5,903E6D242093652274F2063DD2312D87,EFO_0002612,"human herpesvirus 8 infection"
Q12931,765A98D571690D631128EF11944AD33D,EFO_0002612,"human herpesvirus 8 infection"
Q7Z3R6,801B8C520F12C5DAB3055DF83607BC03,EFO_0002612,"human herpesvirus 8 infection"
Q5NC81,B33FCEA14F8A9101EA37318B9551B3D2,EFO_0001669,"influenza infection"
Q8WUR0,650BC5B7FADB3C1FDD11A188B9610605,EFO_0001669,"influenza infection"
K7ENM2,C7CC0053FC3B93CA01D40B382E54895B,EFO_0002612,"human herpesvirus 8 infection"
F8WH42,AC31299867BC0176FEF24774FF4241E7,EFO_0001669,"influenza infection"
E5RGM6,CA881FE536EFCB5665CD0BD5275DB24C,EFO_0000764,"HIV infection"
E5RJM9,84D433F5BAD15D4A72E8B3F4E2DB8832,EFO_0000764,"HIV infection"
J3KMX9,765A98D571690D631128EF11944AD33D,EFO_0002612,"human herpesvirus 8 infection"
E9PJV6,E8FBD138C9377A829B95ACC9E8A19806,EFO_0002612,"human herpesvirus 8 infection"
Q9HCM1,8791416999777B09652A4B1A08FDE858,EFO_0000764,"HIV infection"
Q9ES61,AB9C6FB069EB972B142D5C0FC54041D3,EFO_0001669,"influenza infection"
Q6LDK7,718E1B96266ECFB141161C4FD1795CC6,EFO_0001669,"influenza infection"
G3V011,718E1B96266ECFB141161C4FD1795CC6,EFO_0001669,"influenza infection"
F6Q6H0,2488D0314970F031BA530CF1E15113D2,EFO_0000764,"HIV infection"
D6R936,84D433F5BAD15D4A72E8B3F4E2DB8832,EFO_0000764,"HIV infection"
I3L4S0,8904C55EAB26D43C7A31DCBDB443AF78,EFO_0000764,"HIV infection"
A5YRV0,8791416999777B09652A4B1A08FDE858,EFO_0000764,"HIV infection"
I3L4G7,84D433F5BAD15D4A72E8B3F4E2DB8832,EFO_0000764,"HIV infection"
Q3UPW2,783DBFE50D4A5E1DBC5BB02FE7E5DDC0,EFO_0001669,"influenza infection"
Q9R0E1,B9FB8ADD9F10D31DA22E2B1293DBC69B,EFO_0001669,"influenza infection"
B1ASU9,E68BC7A5548A457539832A12B2BCC32E,EFO_0001669,"influenza infection"
G3UYZ1,F8FA4265BC0A83614E9E693679F7B191,EFO_0001669,"influenza infection"
P42224,E6C200A1C96141C16B4E0BCEFAADC8E6,EFO_0000764,"HIV infection"
M0QZL5,A73DF2821D7B408B4A0ABABF6FDA8389,EFO_0000764,"HIV infection"
Q9P2R7,44E9E124E11715BF74179B65F809B77D,EFO_0000764,"HIV infection"
Q3UY39,9692EA8E7D0E6257A989CE2E03D014CF,EFO_0001669,"influenza infection"
G3V0E5,57B38B3342FFADC0497AEF387D0020DB,EFO_0002612,"human herpesvirus 8 infection"
Q6TV15,E8FBD138C9377A829B95ACC9E8A19806,EFO_0002612,"human herpesvirus 8 infection"
H7C551,C7CC0053FC3B93CA01D40B382E54895B,EFO_0002612,"human herpesvirus 8 infection"
B4DQD9,44E9E124E11715BF74179B65F809B77D,EFO_0000764,"HIV infection"
Q3UG45,2816CE27A197BB9FAED17873B9C4B7E5,EFO_0001669,"influenza infection"
H3BKF5,FCF60D225A6B665C062FC147B6B20C72,EFO_0001669,"influenza infection"
D1LZJ7,C7CC0053FC3B93CA01D40B382E54895B,EFO_0002612,"human herpesvirus 8 infection"
Q64310,532B6BB1BDFFFF587173FDE9B7129F08,EFO_0001669,"influenza infection"
Q9UBC3,57B38B3342FFADC0497AEF387D0020DB,EFO_0002612,"human herpesvirus 8 infection"
B4DUL2,6778809768AA2C958835646331EF7E4F,EFO_0000764,"HIV infection"
E9PZF0,650BC5B7FADB3C1FDD11A188B9610605,EFO_0001669,"influenza infection"
F5GWB1,765A98D571690D631128EF11944AD33D,EFO_0002612,"human herpesvirus 8 infection"
C9J2N3,E8FBD138C9377A829B95ACC9E8A19806,EFO_0002612,"human herpesvirus 8 infection"
Q6A053,066957AEB2E8F8BF45AE24D6D42A7AA8,EFO_0001669,"influenza infection"
O96020,C7CC0053FC3B93CA01D40B382E54895B,EFO_0002612,"human herpesvirus 8 infection"
F5H1U6,57B38B3342FFADC0497AEF387D0020DB,EFO_0002612,"human herpesvirus 8 infection"
F8VZX2,8904C55EAB26D43C7A31DCBDB443AF78,EFO_0000764,"HIV infection"
H3BRJ7,5BCB834159391E2BA66E26BD8C28B739,EFO_0000764,"HIV infection"
P50580,E24FF0A467E894CABCEE6EFA771BA33D,EFO_0001669,"influenza infection"
D6RHA0,CD8D84C600FD788BB0C0C4BDE1A39417,EFO_0001669,"influenza infection"
B4DQR4,E6C200A1C96141C16B4E0BCEFAADC8E6,EFO_0000764,"HIV infection"
P42224,278237CB9D2EB0022421E02915F4EFF9,EFO_0000764,"HIV infection"
B2WTN6,CA881FE536EFCB5665CD0BD5275DB24C,EFO_0000764,"HIV infection"
D3Z730,2B36C5C061F7F1F88783781FFE8E767C,EFO_0001669,"influenza infection"
E9PL10,E8FBD138C9377A829B95ACC9E8A19806,EFO_0002612,"human herpesvirus 8 infection"
Q8N6S3,3FF4B3824383FDBED32E77F48934CE48,EFO_0000764,"HIV infection"
D6RB98,0CF40CCEF287568848BF1326F056649B,EFO_0000764,"HIV infection"
P18621,801B8C520F12C5DAB3055DF83607BC03,EFO_0002612,"human herpesvirus 8 infection"
E9PBL0,B28B0A11F37C9A556E4F5D9C5696C1B0,EFO_0000764,"HIV infection"
Q8BTZ7,F1B091F4286C03DEE93ED0AFBEF61BCE,EFO_0001669,"influenza infection"
B2RRH9,650BC5B7FADB3C1FDD11A188B9610605,EFO_0001669,"influenza infection"
D6RC01,801B8C520F12C5DAB3055DF83607BC03,EFO_0002612,"human herpesvirus 8 infection"
L7N1X8,532B6BB1BDFFFF587173FDE9B7129F08,EFO_0001669,"influenza infection"
Q9NQH7,3FBB30CCD9C7BC34B9A8D0F8634F67D2,EFO_0000764,"HIV infection"
Q8CAR0,C529493D9C27C621F0DF78E527D18A6F,EFO_0001669,"influenza infection"
J3KS82,B28B0A11F37C9A556E4F5D9C5696C1B0,EFO_0000764,"HIV infection"
H3BMR3,801B8C520F12C5DAB3055DF83607BC03,EFO_0002612,"human herpesvirus 8 infection"
Q922F4,4FE71FBF50FD37D143F097BE789C33E6,EFO_0001669,"influenza infection"
Q16083,1B699F1064CDDF9C7AFE59D7C1CD8E66,EFO_0000764,"HIV infection"
Q05BH6,AB9C6FB069EB972B142D5C0FC54041D3,EFO_0001669,"influenza infection"
P07864,E8FBD138C9377A829B95ACC9E8A19806,EFO_0002612,"human herpesvirus 8 infection"
G3V1X9,84D433F5BAD15D4A72E8B3F4E2DB8832,EFO_0000764,"HIV infection"
C9JL41,E8FBD138C9377A829B95ACC9E8A19806,EFO_0002612,"human herpesvirus 8 infection"
A3E0Z7,DFD0A84870D7BE1D501131DAF92DB093,EFO_0000694,"severe acute respiratory syndrome"
P01111,C7CC0053FC3B93CA01D40B382E54895B,EFO_0002612,"human herpesvirus 8 infection"
B8YCP3,E8FBD138C9377A829B95ACC9E8A19806,EFO_0002612,"human herpesvirus 8 infection"
Q9NY41,DFD0A84870D7BE1D501131DAF92DB093,EFO_0000694,"severe acute respiratory syndrome"
Q7LDK6,2996A0C7C9C0FCE87DF8ABB789D06F80,EFO_0000764,"HIV infection"
F8WJE0,D21CE9BC54B4651B69764B7EED22955C,EFO_0001669,"influenza infection"
Q9CQ36,E24FF0A467E894CABCEE6EFA771BA33D,EFO_0001669,"influenza infection"
Q3TLX9,42662F4A1B9E58317AB6D3E3B7BC37C3,EFO_0001669,"influenza infection"
F6WL90,F1B091F4286C03DEE93ED0AFBEF61BCE,EFO_0001669,"influenza infection"
C9J2I1,84D433F5BAD15D4A72E8B3F4E2DB8832,EFO_0000764,"HIV infection"
D3YYP8,FCF60D225A6B665C062FC147B6B20C72,EFO_0001669,"influenza infection"
E0CY08,CD8D84C600FD788BB0C0C4BDE1A39417,EFO_0001669,"influenza infection"
H0YM60,1B699F1064CDDF9C7AFE59D7C1CD8E66,EFO_0000764,"HIV infection"
C9J578,C209FBB501A04C2EBC0BA1BD1F01A362,EFO_0000764,"HIV infection"
Q71F23,801B8C520F12C5DAB3055DF83607BC03,EFO_0002612,"human herpesvirus 8 infection"
D3YW23,EBDBB40D47AFEC4F4FFF067B1B83AA56,EFO_0001669,"influenza infection"
Q8R582,42662F4A1B9E58317AB6D3E3B7BC37C3,EFO_0001669,"influenza infection"
Q9JHJ8,AC31299867BC0176FEF24774FF4241E7,EFO_0001669,"influenza infection"
Q99P86,2B36C5C061F7F1F88783781FFE8E767C,EFO_0001669,"influenza infection"
E5RH00,8791416999777B09652A4B1A08FDE858,EFO_0000764,"HIV infection"
E9PC84,57B38B3342FFADC0497AEF387D0020DB,EFO_0002612,"human herpesvirus 8 infection"
O43182,765A98D571690D631128EF11944AD33D,EFO_0002612,"human herpesvirus 8 infection"
Q3UDL4,1109F8A377944136004C408AB9AF8DF3,EFO_0001669,"influenza infection"
B4DP90,57B38B3342FFADC0497AEF387D0020DB,EFO_0002612,"human herpesvirus 8 infection"
Q9D103,1109F8A377944136004C408AB9AF8DF3,EFO_0001669,"influenza infection"
Q6ZQI3,066957AEB2E8F8BF45AE24D6D42A7AA8,EFO_0001669,"influenza infection"
F8W924,392613023DBF1653BC0708E67AAAC235,EFO_0000764,"HIV infection"
P49721,44E9E124E11715BF74179B65F809B77D,EFO_0000764,"HIV infection"
P35232,57B38B3342FFADC0497AEF387D0020DB,EFO_0002612,"human herpesvirus 8 infection"
O75717,E8FBD138C9377A829B95ACC9E8A19806,EFO_0002612,"human herpesvirus 8 infection"
E9QKL6,CD8D84C600FD788BB0C0C4BDE1A39417,EFO_0001669,"influenza infection"
H3BSH7,903E6D242093652274F2063DD2312D87,EFO_0002612,"human herpesvirus 8 infection"
P14211,B9FB8ADD9F10D31DA22E2B1293DBC69B,EFO_0001669,"influenza infection"
G3LGR1,903E6D242093652274F2063DD2312D87,EFO_0002612,"human herpesvirus 8 infection"
M0QWJ6,9692EA8E7D0E6257A989CE2E03D014CF,EFO_0001669,"influenza infection"
Q86SY9,E8FBD138C9377A829B95ACC9E8A19806,EFO_0002612,"human herpesvirus 8 infection"
K7EPS0,3FBB30CCD9C7BC34B9A8D0F8634F67D2,EFO_0000764,"HIV infection"
P58242,C793DEAFCB226C7C52728BA5AF5DE4FC,EFO_0001669,"influenza infection"
Q80UK7,E68BC7A5548A457539832A12B2BCC32E,EFO_0001669,"influenza infection"
F8WDZ2,02B73C3D739D4F00CAFC62E832912C99,EFO_0000764,"HIV infection"
G3V565,801B8C520F12C5DAB3055DF83607BC03,EFO_0002612,"human herpesvirus 8 infection"
Q16585,57B38B3342FFADC0497AEF387D0020DB,EFO_0002612,"human herpesvirus 8 infection"
G3V504,392613023DBF1653BC0708E67AAAC235,EFO_0000764,"HIV infection"
G3UXY6,B9FB8ADD9F10D31DA22E2B1293DBC69B,EFO_0001669,"influenza infection"
Q91Z40,718E1B96266ECFB141161C4FD1795CC6,EFO_0001669,"influenza infection"
Q5ND42,F1B091F4286C03DEE93ED0AFBEF61BCE,EFO_0001669,"influenza infection"
Q3TRK1,498E3D6CD1956C30F0563CD738B0F362,EFO_0001669,"influenza infection"
Q9DAV9,7F3A4C4C545DA713155FBCED303768A8,EFO_0001669,"influenza infection"
M0QX14,C7CC0053FC3B93CA01D40B382E54895B,EFO_0002612,"human herpesvirus 8 infection"
Q9C004,903E6D242093652274F2063DD2312D87,EFO_0002612,"human herpesvirus 8 infection"
Q9HCM1,429130F32BE410FA3ADF6C38C31E1DBF,EFO_0000764,"HIV infection"
B4DL14,429130F32BE410FA3ADF6C38C31E1DBF,EFO_0000764,"HIV infection"
P23526,801B8C520F12C5DAB3055DF83607BC03,EFO_0002612,"human herpesvirus 8 infection"
G3UZ59,D21CE9BC54B4651B69764B7EED22955C,EFO_0001669,"influenza infection"
Q7YPG8,4A433B3D4B9492B119BAC15906B5C1DE,EFO_0001669,"influenza infection"
Q8N6R0,8791416999777B09652A4B1A08FDE858,EFO_0000764,"HIV infection"
G3V494,E6C200A1C96141C16B4E0BCEFAADC8E6,EFO_0000764,"HIV infection"
Q564E2,4A433B3D4B9492B119BAC15906B5C1DE,EFO_0001669,"influenza infection"
O19807,57B38B3342FFADC0497AEF387D0020DB,EFO_0002612,"human herpesvirus 8 infection"
Q5SXR2,FCF60D225A6B665C062FC147B6B20C72,EFO_0001669,"influenza infection"
Q9ERG0,F1B091F4286C03DEE93ED0AFBEF61BCE,EFO_0001669,"influenza infection"
Q8C9B8,AC31299867BC0176FEF24774FF4241E7,EFO_0001669,"influenza infection"
B5MCP4,E8FBD138C9377A829B95ACC9E8A19806,EFO_0002612,"human herpesvirus 8 infection"
P58340,2238700BCEBF3A2AE182A122D15F29B2,EFO_0000764,"HIV infection"
Q3TVC5,4A433B3D4B9492B119BAC15906B5C1DE,EFO_0001669,"influenza infection"
Q9EQH2,500AAB6AB0F039C0D6B6151E4B58EA60,EFO_0001669,"influenza infection"
J3QL93,2F2D10EDC301952A669E265A1FAE3FFB,EFO_0000764,"HIV infection"
Q9D2P4,718E1B96266ECFB141161C4FD1795CC6,EFO_0001669,"influenza infection"
C9J973,903E6D242093652274F2063DD2312D87,EFO_0002612,"human herpesvirus 8 infection"
P11586,903E6D242093652274F2063DD2312D87,EFO_0002612,"human herpesvirus 8 infection"
Q91YD3,EBDBB40D47AFEC4F4FFF067B1B83AA56,EFO_0001669,"influenza infection"
E9Q3X0,B33FCEA14F8A9101EA37318B9551B3D2,EFO_0001669,"influenza infection"
O60344,801B8C520F12C5DAB3055DF83607BC03,EFO_0002612,"human herpesvirus 8 infection"
J3QS92,EA18655965074E5AD43CFDB866342AF3,EFO_0000764,"HIV infection"
D6RG07,903E6D242093652274F2063DD2312D87,EFO_0002612,"human herpesvirus 8 infection"
B7Z1C6,32D29FCDB1CD34815FA100B1B21EB3F4,EFO_0000764,"HIV infection"
K7EKE5,686B1670518336B42340938969E5CB3E,EFO_0000764,"HIV infection"
Q71UD5,765A98D571690D631128EF11944AD33D,EFO_0002612,"human herpesvirus 8 infection"
Q8IUX1,1B699F1064CDDF9C7AFE59D7C1CD8E66,EFO_0000764,"HIV infection"
E9PMU3,015C5FE8DBD7EE40A85B5FC0C6F94D9A,EFO_0000764,"HIV infection"
Q5R363,2996A0C7C9C0FCE87DF8ABB789D06F80,EFO_0000764,"HIV infection"
Q9MY32,C7CC0053FC3B93CA01D40B382E54895B,EFO_0002612,"human herpesvirus 8 infection"
Q6ZVF9,801B8C520F12C5DAB3055DF83607BC03,EFO_0002612,"human herpesvirus 8 infection"
B7Z2R9,0CF40CCEF287568848BF1326F056649B,EFO_0000764,"HIV infection"
Q921I3,2816CE27A197BB9FAED17873B9C4B7E5,EFO_0001669,"influenza infection"
B4DNE2,CA881FE536EFCB5665CD0BD5275DB24C,EFO_0000764,"HIV infection"
Q812G4,532B6BB1BDFFFF587173FDE9B7129F08,EFO_0001669,"influenza infection"
D6RHG5,903E6D242093652274F2063DD2312D87,EFO_0002612,"human herpesvirus 8 infection"
F6S093,765A98D571690D631128EF11944AD33D,EFO_0002612,"human herpesvirus 8 infection"
E7EWS7,429130F32BE410FA3ADF6C38C31E1DBF,EFO_0000764,"HIV infection"
E9PHV6,C209FBB501A04C2EBC0BA1BD1F01A362,EFO_0000764,"HIV infection"
F8WHU8,2816CE27A197BB9FAED17873B9C4B7E5,EFO_0001669,"influenza infection"
Q8BNE5,EBDBB40D47AFEC4F4FFF067B1B83AA56,EFO_0001669,"influenza infection"
O14626,BF6B2BA6087521743E7C26C0AAEF92B6,EFO_0000764,"HIV infection"
P21981,9EAD85453D04C65DA4C7FE9D4AFB1D78,EFO_0001669,"influenza infection"
Q3U0U2,AC31299867BC0176FEF24774FF4241E7,EFO_0001669,"influenza infection"
F8W0F6,801B8C520F12C5DAB3055DF83607BC03,EFO_0002612,"human herpesvirus 8 infection"
P81117,2B36C5C061F7F1F88783781FFE8E767C,EFO_0001669,"influenza infection"
E5RFM6,429130F32BE410FA3ADF6C38C31E1DBF,EFO_0000764,"HIV infection"
E7ES73,903E6D242093652274F2063DD2312D87,EFO_0002612,"human herpesvirus 8 infection"
G3V126,015C5FE8DBD7EE40A85B5FC0C6F94D9A,EFO_0000764,"HIV infection"
F8VUW4,CA881FE536EFCB5665CD0BD5275DB24C,EFO_0000764,"HIV infection"
E9PQA3,57B38B3342FFADC0497AEF387D0020DB,EFO_0002612,"human herpesvirus 8 infection"
P0C6B7,9692EA8E7D0E6257A989CE2E03D014CF,EFO_0001669,"influenza infection"
E9PP24,801B8C520F12C5DAB3055DF83607BC03,EFO_0002612,"human herpesvirus 8 infection"
Q53S54,7D493DD38101D62B7400186466FA203B,EFO_0000764,"HIV infection"
Q9ES90,4FE71FBF50FD37D143F097BE789C33E6,EFO_0001669,"influenza infection"
C9JZT2,8904C55EAB26D43C7A31DCBDB443AF78,EFO_0000764,"HIV infection"
M0QXK2,801B8C520F12C5DAB3055DF83607BC03,EFO_0002612,"human herpesvirus 8 infection"
Q9CZD3,F8FA4265BC0A83614E9E693679F7B191,EFO_0001669,"influenza infection"
F5H2B7,765A98D571690D631128EF11944AD33D,EFO_0002612,"human herpesvirus 8 infection"
C9J5D8,E8FBD138C9377A829B95ACC9E8A19806,EFO_0002612,"human herpesvirus 8 infection"
Q91VI7,E24FF0A467E894CABCEE6EFA771BA33D,EFO_0001669,"influenza infection"
E9KXT8,903E6D242093652274F2063DD2312D87,EFO_0002612,"human herpesvirus 8 infection"
C9JE06,D6114DFD4F0D389440B046D64D1EFF1E,EFO_0000764,"HIV infection"
Q60710,1109F8A377944136004C408AB9AF8DF3,EFO_0001669,"influenza infection"
Q6A0C2,F8FA4265BC0A83614E9E693679F7B191,EFO_0001669,"influenza infection"
G3V5R1,74F2B31DA328AA8E320AD8BE2285EC5B,EFO_0000764,"HIV infection"
B4E076,E8FBD138C9377A829B95ACC9E8A19806,EFO_0002612,"human herpesvirus 8 infection"
Q75MY8,3FF4B3824383FDBED32E77F48934CE48,EFO_0000764,"HIV infection"
B8ZZ85,F99E783EC3BB2050B23734363EE9F4C8,EFO_0000764,"HIV infection"
Q497K3,500AAB6AB0F039C0D6B6151E4B58EA60,EFO_0001669,"influenza infection"
D3YYW8,7F3A4C4C545DA713155FBCED303768A8,EFO_0001669,"influenza infection"
Q31205,2B36C5C061F7F1F88783781FFE8E767C,EFO_0001669,"influenza infection"
Q9D8T2,F8FA4265BC0A83614E9E693679F7B191,EFO_0001669,"influenza infection"
Q9H6D6,015C5FE8DBD7EE40A85B5FC0C6F94D9A,EFO_0000764,"HIV infection"
Q7TSW1,AB9C6FB069EB972B142D5C0FC54041D3,EFO_0001669,"influenza infection"
Q91Y98,F8FA4265BC0A83614E9E693679F7B191,EFO_0001669,"influenza infection"
Q07174,B33FCEA14F8A9101EA37318B9551B3D2,EFO_0001669,"influenza infection"
F5GXL3,E8FBD138C9377A829B95ACC9E8A19806,EFO_0002612,"human herpesvirus 8 infection"
Q96CP7,903E6D242093652274F2063DD2312D87,EFO_0002612,"human herpesvirus 8 infection"
E9PW35,532B6BB1BDFFFF587173FDE9B7129F08,EFO_0001669,"influenza infection"
Q9D0I9,EBDBB40D47AFEC4F4FFF067B1B83AA56,EFO_0001669,"influenza infection"
Q8BJQ2,34B36FC08E535FF974E21B82A0984EAA,EFO_0001669,"influenza infection"
Q99L85,500AAB6AB0F039C0D6B6151E4B58EA60,EFO_0001669,"influenza infection"
B2KG65,E24FF0A467E894CABCEE6EFA771BA33D,EFO_0001669,"influenza infection"
F5H488,C209FBB501A04C2EBC0BA1BD1F01A362,EFO_0000764,"HIV infection"
B4DDW7,3FBB30CCD9C7BC34B9A8D0F8634F67D2,EFO_0000764,"HIV infection"
F8W950,765A98D571690D631128EF11944AD33D,EFO_0002612,"human herpesvirus 8 infection"
Q8SNB9,C7CC0053FC3B93CA01D40B382E54895B,EFO_0002612,"human herpesvirus 8 infection"
B8ZZR8,3FF4B3824383FDBED32E77F48934CE48,EFO_0000764,"HIV infection"
F8WAX7,E8FBD138C9377A829B95ACC9E8A19806,EFO_0002612,"human herpesvirus 8 infection"
P05198,44E9E124E11715BF74179B65F809B77D,EFO_0000764,"HIV infection"
G3V1T4,429130F32BE410FA3ADF6C38C31E1DBF,EFO_0000764,"HIV infection"
J3QL93,F99E783EC3BB2050B23734363EE9F4C8,EFO_0000764,"HIV infection"
O14879,2488D0314970F031BA530CF1E15113D2,EFO_0000764,"HIV infection"
Q3U726,CD8D84C600FD788BB0C0C4BDE1A39417,EFO_0001669,"influenza infection"
E0CYN3,2B36C5C061F7F1F88783781FFE8E767C,EFO_0001669,"influenza infection"
P62073,AC31299867BC0176FEF24774FF4241E7,EFO_0001669,"influenza infection"
D3YXU2,2816CE27A197BB9FAED17873B9C4B7E5,EFO_0001669,"influenza infection"
Q9Y6N5,429130F32BE410FA3ADF6C38C31E1DBF,EFO_0000764,"HIV infection"
J3KS55,E6EF178FF4E0851BCEF92A30F008E267,EFO_0000764,"HIV infection"
J3KSM3,765A98D571690D631128EF11944AD33D,EFO_0002612,"human herpesvirus 8 infection"
Q8N1Q1,C7CC0053FC3B93CA01D40B382E54895B,EFO_0002612,"human herpesvirus 8 infection"
Q8C6Q7,650BC5B7FADB3C1FDD11A188B9610605,EFO_0001669,"influenza infection"
B3KXE0,8D3CFD9E3E0E46DBD8E3F083742D9085,EFO_0000764,"HIV infection"
G3X9Z3,C793DEAFCB226C7C52728BA5AF5DE4FC,EFO_0001669,"influenza infection"
P52701,AA3D1CA539D292A96F5796D13C30CF0C,EFO_0000764,"HIV infection"
E7ES96,686B1670518336B42340938969E5CB3E,EFO_0000764,"HIV infection"
E9Q987,4FE71FBF50FD37D143F097BE789C33E6,EFO_0001669,"influenza infection"
Q14877,BF6B2BA6087521743E7C26C0AAEF92B6,EFO_0000764,"HIV infection"
E9Q4I1,2B36C5C061F7F1F88783781FFE8E767C,EFO_0001669,"influenza infection"
Q9UMW8,3FF4B3824383FDBED32E77F48934CE48,EFO_0000764,"HIV infection"
F8WA66,8791416999777B09652A4B1A08FDE858,EFO_0000764,"HIV infection"
Q4FJL9,718E1B96266ECFB141161C4FD1795CC6,EFO_0001669,"influenza infection"
A2VDH5,E68BC7A5548A457539832A12B2BCC32E,EFO_0001669,"influenza infection"
F5H7K7,903E6D242093652274F2063DD2312D87,EFO_0002612,"human herpesvirus 8 infection"
Q3UKR0,B9FB8ADD9F10D31DA22E2B1293DBC69B,EFO_0001669,"influenza infection"
G5E8X4,066957AEB2E8F8BF45AE24D6D42A7AA8,EFO_0001669,"influenza infection"
F8WHA7,42662F4A1B9E58317AB6D3E3B7BC37C3,EFO_0001669,"influenza infection"
A2AHJ2,E24FF0A467E894CABCEE6EFA771BA33D,EFO_0001669,"influenza infection"
Q5TZN3,E6EF178FF4E0851BCEF92A30F008E267,EFO_0000764,"HIV infection"
E7ENR4,C7CC0053FC3B93CA01D40B382E54895B,EFO_0002612,"human herpesvirus 8 infection"
F8WAH1,E8FBD138C9377A829B95ACC9E8A19806,EFO_0002612,"human herpesvirus 8 infection"
E9PV24,498E3D6CD1956C30F0563CD738B0F362,EFO_0001669,"influenza infection"
D6RJI8,C529493D9C27C621F0DF78E527D18A6F,EFO_0001669,"influenza infection"
Q99JA5,532B6BB1BDFFFF587173FDE9B7129F08,EFO_0001669,"influenza infection"
C9JW37,E6C200A1C96141C16B4E0BCEFAADC8E6,EFO_0000764,"HIV infection"
Q5SVN9,9692EA8E7D0E6257A989CE2E03D014CF,EFO_0001669,"influenza infection"
F2Z3Z4,2816CE27A197BB9FAED17873B9C4B7E5,EFO_0001669,"influenza infection"
B1ARC2,E24FF0A467E894CABCEE6EFA771BA33D,EFO_0001669,"influenza infection"
Q3U605,7F3A4C4C545DA713155FBCED303768A8,EFO_0001669,"influenza infection"
Q571E4,E24FF0A467E894CABCEE6EFA771BA33D,EFO_0001669,"influenza infection"
B4DS50,C7CC0053FC3B93CA01D40B382E54895B,EFO_0002612,"human herpesvirus 8 infection"
H0YA53,B28B0A11F37C9A556E4F5D9C5696C1B0,EFO_0000764,"HIV infection"
P70441,AC31299867BC0176FEF24774FF4241E7,EFO_0001669,"influenza infection"
Q53RU4,765A98D571690D631128EF11944AD33D,EFO_0002612,"human herpesvirus 8 infection"
Q9H6R4,C7CC0053FC3B93CA01D40B382E54895B,EFO_0002612,"human herpesvirus 8 infection"
F8VXF5,3F9BA47BB5AC915A23BDBE062697F9CD,EFO_0000764,"HIV infection"
B1AKV4,392613023DBF1653BC0708E67AAAC235,EFO_0000764,"HIV infection"
Q3UHD8,9692EA8E7D0E6257A989CE2E03D014CF,EFO_0001669,"influenza infection"
B4DUS5,44E9E124E11715BF74179B65F809B77D,EFO_0000764,"HIV infection"
F8W9J0,801B8C520F12C5DAB3055DF83607BC03,EFO_0002612,"human herpesvirus 8 infection"
Q9Y5Q9,903E6D242093652274F2063DD2312D87,EFO_0002612,"human herpesvirus 8 infection"
H7C4L8,02670FD63C510F6172E3DD2EC3DFB0B9,EFO_0000764,"HIV infection"
D2KFR9,E65DBB1DE1BF4509FFBBDCD7B390A9BE,EFO_0000764,"HIV infection"
M0R2D3,903E6D242093652274F2063DD2312D87,EFO_0002612,"human herpesvirus 8 infection"
D3Z0J6,B9FB8ADD9F10D31DA22E2B1293DBC69B,EFO_0001669,"influenza infection"
G3V4J1,801B8C520F12C5DAB3055DF83607BC03,EFO_0002612,"human herpesvirus 8 infection"
P61961,1109F8A377944136004C408AB9AF8DF3,EFO_0001669,"influenza infection"
Q545R3,4A433B3D4B9492B119BAC15906B5C1DE,EFO_0001669,"influenza infection"
F2Z316,6778809768AA2C958835646331EF7E4F,EFO_0000764,"HIV infection"
E9PD78,015C5FE8DBD7EE40A85B5FC0C6F94D9A,EFO_0000764,"HIV infection"
Q544T4,4A433B3D4B9492B119BAC15906B5C1DE,EFO_0001669,"influenza infection"
O96017,903E6D242093652274F2063DD2312D87,EFO_0002612,"human herpesvirus 8 infection"
Q6ZWX6,AB9C6FB069EB972B142D5C0FC54041D3,EFO_0001669,"influenza infection"
G3V4R4,AA3D1CA539D292A96F5796D13C30CF0C,EFO_0000764,"HIV infection"
Q9UMW8,765A98D571690D631128EF11944AD33D,EFO_0002612,"human herpesvirus 8 infection"
Q659C5,F99E783EC3BB2050B23734363EE9F4C8,EFO_0000764,"HIV infection"
F8VQS7,903E6D242093652274F2063DD2312D87,EFO_0002612,"human herpesvirus 8 infection"
F2VNV6,57B38B3342FFADC0497AEF387D0020DB,EFO_0002612,"human herpesvirus 8 infection"
A8K031,74F2B31DA328AA8E320AD8BE2285EC5B,EFO_0000764,"HIV infection"
O78136,801B8C520F12C5DAB3055DF83607BC03,EFO_0002612,"human herpesvirus 8 infection"
Q61147,FCF60D225A6B665C062FC147B6B20C72,EFO_0001669,"influenza infection"
Q9CPW3,D21CE9BC54B4651B69764B7EED22955C,EFO_0001669,"influenza infection"
G3V2B8,2488D0314970F031BA530CF1E15113D2,EFO_0000764,"HIV infection"
Q92820,C7CC0053FC3B93CA01D40B382E54895B,EFO_0002612,"human herpesvirus 8 infection"
A8MXH5,57B38B3342FFADC0497AEF387D0020DB,EFO_0002612,"human herpesvirus 8 infection"
P28838,8791416999777B09652A4B1A08FDE858,EFO_0000764,"HIV infection"
Q61462,AB9C6FB069EB972B142D5C0FC54041D3,EFO_0001669,"influenza infection"
Q9HC12,C209FBB501A04C2EBC0BA1BD1F01A362,EFO_0000764,"HIV infection"
Q9NWW0,E8FBD138C9377A829B95ACC9E8A19806,EFO_0002612,"human herpesvirus 8 infection"
B3KQ95,74F2B31DA328AA8E320AD8BE2285EC5B,EFO_0000764,"HIV infection"
B1AVQ5,5BCB834159391E2BA66E26BD8C28B739,EFO_0000764,"HIV infection"
D6RCC4,57B38B3342FFADC0497AEF387D0020DB,EFO_0002612,"human herpesvirus 8 infection"
C9JXY8,57B38B3342FFADC0497AEF387D0020DB,EFO_0002612,"human herpesvirus 8 infection"
Q99801,765A98D571690D631128EF11944AD33D,EFO_0002612,"human herpesvirus 8 infection"
J3KRW6,801B8C520F12C5DAB3055DF83607BC03,EFO_0002612,"human herpesvirus 8 infection"
A8K2A1,C7CC0053FC3B93CA01D40B382E54895B,EFO_0002612,"human herpesvirus 8 infection"
J3QRA8,E65DBB1DE1BF4509FFBBDCD7B390A9BE,EFO_0000764,"HIV infection"
E0CYI0,AC31299867BC0176FEF24774FF4241E7,EFO_0001669,"influenza infection"
Q6IRU5,4FE71FBF50FD37D143F097BE789C33E6,EFO_0001669,"influenza infection"
Q9NXR5,8904C55EAB26D43C7A31DCBDB443AF78,EFO_0000764,"HIV infection"
E0CX64,783DBFE50D4A5E1DBC5BB02FE7E5DDC0,EFO_0001669,"influenza infection"
J3KN56,84D433F5BAD15D4A72E8B3F4E2DB8832,EFO_0000764,"HIV infection"
Q3U1Q3,498E3D6CD1956C30F0563CD738B0F362,EFO_0001669,"influenza infection"
B4DU54,57B38B3342FFADC0497AEF387D0020DB,EFO_0002612,"human herpesvirus 8 infection"
Q5VVQ7,E8FBD138C9377A829B95ACC9E8A19806,EFO_0002612,"human herpesvirus 8 infection"
D6RDH5,C7CC0053FC3B93CA01D40B382E54895B,EFO_0002612,"human herpesvirus 8 infection"
O94777,801B8C520F12C5DAB3055DF83607BC03,EFO_0002612,"human herpesvirus 8 infection"
Q3UPF7,2816CE27A197BB9FAED17873B9C4B7E5,EFO_0001669,"influenza infection"
A5YRV3,D6114DFD4F0D389440B046D64D1EFF1E,EFO_0000764,"HIV infection"
F5H2D0,E8FBD138C9377A829B95ACC9E8A19806,EFO_0002612,"human herpesvirus 8 infection"
C9JGY5,CA881FE536EFCB5665CD0BD5275DB24C,EFO_0000764,"HIV infection"
J3QLW6,44E9E124E11715BF74179B65F809B77D,EFO_0000764,"HIV infection"
A7UKX7,57B38B3342FFADC0497AEF387D0020DB,EFO_0002612,"human herpesvirus 8 infection"
F8VRE8,903E6D242093652274F2063DD2312D87,EFO_0002612,"human herpesvirus 8 infection"
I3L509,57B38B3342FFADC0497AEF387D0020DB,EFO_0002612,"human herpesvirus 8 infection"
D3YX05,E24FF0A467E894CABCEE6EFA771BA33D,EFO_0001669,"influenza infection"
H0YMI6,903E6D242093652274F2063DD2312D87,EFO_0002612,"human herpesvirus 8 infection"
J3KT29,765A98D571690D631128EF11944AD33D,EFO_0002612,"human herpesvirus 8 infection"
P17710,AC31299867BC0176FEF24774FF4241E7,EFO_0001669,"influenza infection"
D3Z5V3,1109F8A377944136004C408AB9AF8DF3,EFO_0001669,"influenza infection"
B3KNK9,E8FBD138C9377A829B95ACC9E8A19806,EFO_0002612,"human herpesvirus 8 infection"
Q5SYH8,4FE71FBF50FD37D143F097BE789C33E6,EFO_0001669,"influenza infection"
D6RC07,903E6D242093652274F2063DD2312D87,EFO_0002612,"human herpesvirus 8 infection"
F6ZGI7,532B6BB1BDFFFF587173FDE9B7129F08,EFO_0001669,"influenza infection"
E5KS60,E6EF178FF4E0851BCEF92A30F008E267,EFO_0000764,"HIV infection"
C9JRB3,765A98D571690D631128EF11944AD33D,EFO_0002612,"human herpesvirus 8 infection"
Q75MY7,C7CC0053FC3B93CA01D40B382E54895B,EFO_0002612,"human herpesvirus 8 infection"
Q96KP4,5BCB834159391E2BA66E26BD8C28B739,EFO_0000764,"HIV infection"
P97360,AB9C6FB069EB972B142D5C0FC54041D3,EFO_0001669,"influenza infection"
D6RCL0,BF6B2BA6087521743E7C26C0AAEF92B6,EFO_0000764,"HIV infection"
D3TTZ0,57B38B3342FFADC0497AEF387D0020DB,EFO_0002612,"human herpesvirus 8 infection"
H3BLT4,C5336B2237C9FA90C2217680E39572A8,EFO_0000694,"severe acute respiratory syndrome"
Q99933,392613023DBF1653BC0708E67AAAC235,EFO_0000764,"HIV infection"
C9J685,C7CC0053FC3B93CA01D40B382E54895B,EFO_0002612,"human herpesvirus 8 infection"
Q3U5I5,AC31299867BC0176FEF24774FF4241E7,EFO_0001669,"influenza infection"
Q6PD62,903E6D242093652274F2063DD2312D87,EFO_0002612,"human herpesvirus 8 infection"
J3KMU9,650BC5B7FADB3C1FDD11A188B9610605,EFO_0001669,"influenza infection"
A9C471,AB9C6FB069EB972B142D5C0FC54041D3,EFO_0001669,"influenza infection"
E9PZD0,498E3D6CD1956C30F0563CD738B0F362,EFO_0001669,"influenza infection"
H7C443,801B8C520F12C5DAB3055DF83607BC03,EFO_0002612,"human herpesvirus 8 infection"
Q8IZH9,015C5FE8DBD7EE40A85B5FC0C6F94D9A,EFO_0000764,"HIV infection"
Q75MQ0,8791416999777B09652A4B1A08FDE858,EFO_0000764,"HIV infection"
Q8JZX6,066957AEB2E8F8BF45AE24D6D42A7AA8,EFO_0001669,"influenza infection"
H7C2W7,903E6D242093652274F2063DD2312D87,EFO_0002612,"human herpesvirus 8 infection"
Q3UPN1,C529493D9C27C621F0DF78E527D18A6F,EFO_0001669,"influenza infection"
O35904,2B36C5C061F7F1F88783781FFE8E767C,EFO_0001669,"influenza infection"
H0Y932,02670FD63C510F6172E3DD2EC3DFB0B9,EFO_0000764,"HIV infection"
Q1HL35,1109F8A377944136004C408AB9AF8DF3,EFO_0001669,"influenza infection"
B4E3L3,E8FBD138C9377A829B95ACC9E8A19806,EFO_0002612,"human herpesvirus 8 infection"
P09912,BF6B2BA6087521743E7C26C0AAEF92B6,EFO_0000764,"HIV infection"
P28063,066957AEB2E8F8BF45AE24D6D42A7AA8,EFO_0001669,"influenza infection"
F8WCJ1,57B38B3342FFADC0497AEF387D0020DB,EFO_0002612,"human herpesvirus 8 infection"
F8W0W9,765A98D571690D631128EF11944AD33D,EFO_0002612,"human herpesvirus 8 infection"
B8ZZ51,5BCB834159391E2BA66E26BD8C28B739,EFO_0000764,"HIV infection"
